part,prov,first_ship,last_ship,partprov
101109,AB,2023-08-07,2025-06-16,101109AB
101109,MB,2023-07-31,2025-06-16,101109MB
101109,NB,2023-12-18,2025-03-24,101109NB
101109,NL,2023-07-31,2025-06-02,101109NL
101109,NT,2023-12-04,2024-12-16,101109NT
101109,NU,2023-08-21,2025-05-05,101109NU
101109,QC,2023-08-07,2023-11-06,101109QC
101109,SK,2023-07-31,2025-05-05,101109SK
101119,MB,2023-07-31,2025-06-16,101119MB
101119,NB,2023-12-18,2025-05-05,101119NB
101119,NL,2023-07-31,2025-06-02,101119NL
101119,NS,2023-08-14,2025-06-16,101119NS
101119,NU,2024-03-25,2025-05-05,101119NU
101119,ON,2023-07-31,2025-06-16,101119ON
101119,PE,2023-07-31,2025-04-07,101119PE
101119,SK,2023-07-31,2025-04-14,101119SK
101137,MB,2023-07-31,2024-02-12,101137MB
101137,NL,2023-09-18,2023-09-25,101137NL
101137,SK,2023-07-31,2023-07-31,101137SK
101155,MB,2023-07-31,2025-06-16,101155MB
101155,NB,2023-11-06,2025-05-05,101155NB
101155,NL,2023-07-31,2025-06-16,101155NL
101155,NU,2023-08-21,2025-05-05,101155NU
101155,PE,2023-08-14,2025-04-07,101155PE
101155,QC,2023-08-07,2023-11-06,101155QC
101155,SK,2023-07-31,2025-01-06,101155SK
101168,AB,2023-08-07,2024-04-01,101168AB
101168,MB,2023-07-31,2025-06-16,101168MB
101168,NB,2023-11-20,2025-06-02,101168NB
101168,NL,2023-07-31,2025-06-16,101168NL
101168,NT,2023-11-06,2024-08-26,101168NT
101168,NU,2023-08-21,2025-05-05,101168NU
101168,ON,2023-07-31,2025-06-09,101168ON
101168,QC,2023-08-28,2025-06-02,101168QC
101168,SK,2023-07-31,2025-04-07,101168SK
101170,MB,2023-07-31,2023-07-31,101170MB
101170,NB,2023-12-18,2023-12-18,101170NB
101170,QC,2023-08-07,2025-06-16,101170QC
101170,SK,2023-08-21,2023-08-21,101170SK
101272,MB,2023-08-14,2024-03-25,101272MB
101272,NB,2023-11-20,2023-11-20,101272NB
101272,NL,2023-07-31,2023-10-16,101272NL
101272,NU,2023-08-21,2024-01-15,101272NU
101272,ON,2023-09-18,2025-04-21,101272ON
101272,PE,2023-07-31,2023-10-09,101272PE
101272,SK,2023-09-18,2023-10-23,101272SK
101272,YT,2024-03-25,2024-10-14,101272YT
101273,MB,2023-07-31,2025-06-16,101273MB
101273,NB,2024-12-30,2024-12-30,101273NB
101273,NL,2023-07-31,2025-06-16,101273NL
101273,NT,2023-10-23,2023-11-20,101273NT
101273,NU,2023-08-21,2025-05-05,101273NU
101273,ON,2023-07-31,2025-04-21,101273ON
101273,PE,2023-10-09,2023-12-04,101273PE
101273,SK,2023-07-31,2025-02-10,101273SK
101273,YT,2024-03-25,2024-10-14,101273YT
101274,AB,2023-07-31,2023-09-18,101274AB
101274,MB,2023-07-31,2025-03-17,101274MB
101274,NB,2023-11-06,2023-11-06,101274NB
101274,NL,2023-07-31,2024-10-14,101274NL
101274,NS,2023-07-31,2025-01-27,101274NS
101274,NT,2023-10-23,2025-01-20,101274NT
101274,NU,2023-08-21,2025-02-10,101274NU
101274,ON,2023-07-31,2025-04-21,101274ON
101274,SK,2023-07-31,2025-03-03,101274SK
101274,YT,2024-03-25,2024-07-22,101274YT
101275,MB,2023-08-14,2024-03-25,101275MB
101275,NB,2023-11-20,2023-11-20,101275NB
101275,NL,2023-07-31,2023-11-06,101275NL
101275,ON,2023-08-28,2025-04-21,101275ON
101275,PE,2023-08-28,2023-11-06,101275PE
101275,QC,2023-10-23,2024-03-25,101275QC
101275,SK,2023-08-21,2023-12-25,101275SK
101275,YT,2024-03-25,2024-10-14,101275YT
101276,MB,2023-07-31,2025-06-16,101276MB
101276,NB,2024-12-30,2024-12-30,101276NB
101276,NL,2023-07-31,2025-06-16,101276NL
101276,NT,2023-10-23,2023-11-20,101276NT
101276,NU,2023-08-21,2025-05-05,101276NU
101276,ON,2023-07-31,2025-04-21,101276ON
101276,PE,2023-07-31,2023-09-25,101276PE
101276,SK,2023-07-31,2025-03-10,101276SK
101276,YT,2024-03-25,2024-10-14,101276YT
101277,AB,2023-07-31,2023-08-28,101277AB
101277,MB,2023-07-31,2025-03-17,101277MB
101277,NB,2023-11-06,2023-11-06,101277NB
101277,NL,2023-07-31,2024-10-14,101277NL
101277,NS,2023-07-31,2025-01-27,101277NS
101277,NT,2023-08-07,2025-01-20,101277NT
101277,NU,2024-05-06,2025-02-10,101277NU
101277,ON,2023-08-07,2025-04-21,101277ON
101277,SK,2023-07-31,2025-03-17,101277SK
101277,YT,2024-03-25,2024-10-14,101277YT
101300,MB,2023-07-31,2024-10-14,101300MB
101300,NU,2024-02-12,2024-02-12,101300NU
101300,ON,2023-07-31,2023-08-21,101300ON
101300,QC,2023-08-21,2025-06-16,101300QC
101300,YT,2024-03-25,2024-06-17,101300YT
101304,AB,2023-07-31,2025-06-16,101304AB
101304,MB,2023-07-31,2025-06-16,101304MB
101304,NB,2023-11-06,2025-05-05,101304NB
101304,NL,2023-07-31,2025-06-02,101304NL
101304,NT,2024-03-18,2024-08-26,101304NT
101304,NU,2024-03-25,2024-07-29,101304NU
101304,ON,2023-07-31,2025-06-16,101304ON
101304,PE,2023-09-11,2025-04-07,101304PE
101304,SK,2023-08-14,2025-04-07,101304SK
101304,YT,2023-11-20,2023-11-20,101304YT
101305,AB,2023-07-31,2024-04-01,101305AB
101305,MB,2023-07-31,2024-11-04,101305MB
101305,NB,2023-08-28,2025-03-24,101305NB
101305,NL,2023-09-25,2023-10-16,101305NL
101305,NU,2024-03-25,2024-07-29,101305NU
101305,PE,2023-09-11,2024-01-01,101305PE
101305,SK,2023-09-04,2024-11-04,101305SK
101305,YT,2023-11-20,2024-10-14,101305YT
101306,MB,2023-07-31,2024-11-18,101306MB
101306,NB,2023-08-28,2025-03-24,101306NB
101306,NL,2023-08-07,2024-06-10,101306NL
101306,NU,2024-03-25,2024-07-29,101306NU
101306,SK,2023-08-28,2024-11-04,101306SK
101306,YT,2023-11-20,2023-11-20,101306YT
101309,NB,2023-11-06,2023-11-06,101309NB
101309,QC,2023-08-07,2025-06-16,101309QC
101312,AB,2023-08-07,2025-06-16,101312AB
101312,BC,2023-07-31,2025-05-19,101312BC
101312,MB,2023-07-31,2025-06-09,101312MB
101312,NB,2023-09-11,2023-11-06,101312NB
101312,NT,2023-10-23,2025-05-19,101312NT
101312,NU,2024-06-17,2025-06-09,101312NU
101312,ON,2023-07-31,2025-06-16,101312ON
101312,SK,2023-08-14,2025-06-02,101312SK
101312,YT,2024-05-27,2024-10-14,101312YT
101313,AB,2023-07-31,2025-06-16,101313AB
101313,BC,2023-07-31,2025-05-19,101313BC
101313,MB,2023-07-31,2025-06-16,101313MB
101313,NB,2023-11-06,2023-11-06,101313NB
101313,NT,2023-11-20,2025-05-19,101313NT
101313,NU,2024-12-16,2025-06-09,101313NU
101313,ON,2023-07-31,2025-06-16,101313ON
101313,SK,2023-07-31,2025-06-09,101313SK
101313,YT,2024-05-27,2024-10-14,101313YT
101314,MB,2023-07-31,2024-08-12,101314MB
101314,NU,2024-02-12,2024-02-12,101314NU
101314,ON,2023-07-31,2024-08-19,101314ON
101314,SK,2023-08-14,2024-06-03,101314SK
101314,YT,2024-06-17,2024-07-22,101314YT
101335,AB,2023-11-27,2024-06-03,101335AB
101335,MB,2023-07-31,2024-12-16,101335MB
101335,NB,2025-04-28,2025-04-28,101335NB
101335,NS,2023-12-04,2024-01-01,101335NS
101335,NT,2023-08-07,2025-02-03,101335NT
101335,NU,2023-08-21,2024-07-29,101335NU
101335,ON,2023-07-31,2024-04-29,101335ON
101335,PE,2023-07-31,2023-07-31,101335PE
101335,SK,2023-07-31,2024-12-09,101335SK
101407,MB,2023-07-31,2024-12-16,101407MB
101407,NB,2024-02-12,2024-11-18,101407NB
101407,NL,2023-07-31,2024-10-14,101407NL
101407,NU,2024-06-17,2024-06-17,101407NU
101407,ON,2023-07-31,2024-12-30,101407ON
101407,QC,2023-08-07,2023-11-06,101407QC
101407,SK,2023-07-31,2024-11-25,101407SK
101410,AB,2023-07-31,2025-06-16,101410AB
101410,MB,2023-07-31,2025-01-20,101410MB
101410,NB,2023-09-11,2023-09-11,101410NB
101410,NL,2023-08-14,2025-06-16,101410NL
101410,NS,2025-03-24,2025-06-16,101410NS
101410,NT,2023-10-23,2024-10-21,101410NT
101410,NU,2023-08-21,2024-12-16,101410NU
101410,ON,2023-07-31,2025-06-16,101410ON
101410,PE,2023-08-28,2024-01-29,101410PE
101410,SK,2023-07-31,2025-04-07,101410SK
101411,AB,2023-07-31,2025-06-16,101411AB
101411,MB,2023-07-31,2025-01-06,101411MB
101411,NB,2023-09-11,2023-09-11,101411NB
101411,NL,2023-08-07,2025-06-16,101411NL
101411,NS,2025-03-24,2025-06-16,101411NS
101411,NT,2023-10-23,2024-10-21,101411NT
101411,NU,2023-08-21,2024-12-16,101411NU
101411,ON,2023-09-04,2025-04-21,101411ON
101411,PE,2023-08-14,2024-01-01,101411PE
101411,QC,2023-08-07,2024-03-04,101411QC
101411,SK,2023-07-31,2025-04-07,101411SK
101432,ON,2025-04-21,2025-04-21,101432ON
101440,MB,2024-03-11,2024-03-11,101440MB
101446,MB,2024-03-11,2024-03-11,101446MB
101446,ON,2025-04-21,2025-04-21,101446ON
101447,MB,2024-03-11,2024-03-11,101447MB
101447,ON,2025-04-21,2025-04-21,101447ON
101454,AB,2023-12-18,2024-08-05,101454AB
101454,MB,2023-09-11,2024-08-26,101454MB
101454,NB,2024-08-26,2024-08-26,101454NB
101454,NT,2024-01-29,2024-08-26,101454NT
101454,NU,2024-05-06,2024-05-06,101454NU
101454,ON,2023-12-18,2024-08-12,101454ON
101454,SK,2024-01-15,2024-08-12,101454SK
101508,QC,2023-08-28,2023-10-02,101508QC
101525,BC,2023-11-06,2025-03-10,101525BC
101527,BC,2023-08-07,2023-10-02,101527BC
101527,ON,2025-03-17,2025-03-17,101527ON
101527,SK,2023-07-31,2024-09-16,101527SK
101537,QC,2023-08-28,2023-09-11,101537QC
101546,QC,2023-08-07,2025-06-16,101546QC
101555,AB,2023-10-09,2025-03-17,101555AB
101555,MB,2023-10-02,2025-05-05,101555MB
101555,NB,2023-09-11,2025-04-28,101555NB
101555,NL,2023-10-02,2024-10-14,101555NL
101555,NT,2023-11-06,2025-05-26,101555NT
101555,NU,2024-07-29,2025-02-10,101555NU
101555,ON,2023-09-25,2025-03-31,101555ON
101555,SK,2023-10-02,2025-05-05,101555SK
101555,YT,2023-11-20,2025-06-02,101555YT
101556,QC,2023-08-07,2023-09-18,101556QC
101572,MB,2024-03-04,2024-03-04,101572MB
101572,NB,2023-09-11,2023-09-11,101572NB
101572,ON,2023-07-31,2023-07-31,101572ON
101572,SK,2024-01-29,2024-01-29,101572SK
101573,AB,2023-11-27,2023-12-25,101573AB
101573,MB,2023-09-11,2024-09-16,101573MB
101573,NB,2023-09-11,2023-09-11,101573NB
101573,NL,2023-11-20,2023-11-20,101573NL
101573,NS,2023-11-20,2024-01-29,101573NS
101573,NT,2023-08-07,2025-02-03,101573NT
101573,NU,2023-08-21,2024-06-17,101573NU
101573,ON,2023-11-27,2024-04-01,101573ON
101573,SK,2023-11-20,2024-09-16,101573SK
101574,NB,2023-08-14,2023-08-14,101574NB
101584,ON,2025-04-21,2025-04-21,101584ON
101584,QC,2023-08-21,2023-08-21,101584QC
101584,SK,2023-09-25,2024-01-29,101584SK
101589,AB,2023-10-23,2025-03-03,101589AB
101589,MB,2023-07-31,2025-05-19,101589MB
101589,NB,2023-09-11,2025-05-05,101589NB
101589,NL,2023-07-31,2025-02-03,101589NL
101589,NT,2024-02-12,2025-04-07,101589NT
101589,ON,2023-07-31,2025-06-16,101589ON
101589,PE,2023-07-31,2023-11-20,101589PE
101589,SK,2023-07-31,2024-03-18,101589SK
101589,YT,2023-11-20,2024-06-17,101589YT
101590,AB,2023-07-31,2025-06-16,101590AB
101590,MB,2023-07-31,2025-06-16,101590MB
101590,NB,2023-08-28,2025-05-05,101590NB
101590,NL,2023-07-31,2025-06-16,101590NL
101590,NS,2023-07-31,2025-06-02,101590NS
101590,NT,2023-10-23,2025-05-26,101590NT
101590,NU,2024-09-23,2025-05-05,101590NU
101590,ON,2023-08-14,2025-06-16,101590ON
101590,PE,2023-07-31,2025-05-05,101590PE
101590,SK,2023-07-31,2025-02-17,101590SK
101590,YT,2023-09-25,2025-06-02,101590YT
101591,AB,2023-07-31,2025-06-02,101591AB
101591,MB,2023-07-31,2025-06-09,101591MB
101591,NB,2023-11-06,2025-05-05,101591NB
101591,NL,2023-07-31,2025-06-16,101591NL
101591,NS,2023-08-14,2025-06-16,101591NS
101591,NT,2023-10-23,2025-05-26,101591NT
101591,NU,2024-09-23,2025-05-05,101591NU
101591,ON,2023-07-31,2025-06-16,101591ON
101591,PE,2023-08-28,2025-06-02,101591PE
101591,SK,2023-07-31,2025-01-27,101591SK
101591,YT,2023-09-25,2025-06-02,101591YT
101606,AB,2023-12-04,2024-05-13,101606AB
101606,MB,2023-12-11,2025-01-13,101606MB
101606,NB,2025-04-21,2025-04-21,101606NB
101606,NS,2023-12-18,2024-01-29,101606NS
101606,NT,2023-12-18,2025-02-03,101606NT
101606,NU,2024-02-12,2024-12-16,101606NU
101606,ON,2023-12-04,2024-11-25,101606ON
101606,PE,2024-01-01,2024-01-01,101606PE
101606,SK,2023-12-11,2025-01-13,101606SK
101607,AB,2023-12-11,2024-07-22,101607AB
101607,MB,2023-12-11,2024-08-19,101607MB
101607,NT,2023-12-18,2024-06-10,101607NT
101607,NU,2024-02-12,2024-07-29,101607NU
101607,ON,2023-12-11,2024-05-06,101607ON
101607,SK,2023-12-11,2024-08-12,101607SK
101608,AB,2023-12-04,2024-05-27,101608AB
101608,MB,2023-11-27,2024-12-16,101608MB
101608,NB,2025-04-28,2025-04-28,101608NB
101608,NT,2023-12-04,2024-11-18,101608NT
101608,NU,2024-03-25,2024-09-23,101608NU
101608,ON,2023-12-04,2024-06-17,101608ON
101608,SK,2023-11-27,2024-12-09,101608SK
101653,ON,2025-04-21,2025-04-21,101653ON
101694,MB,2023-07-31,2024-02-19,101694MB
101694,ON,2023-07-31,2025-04-21,101694ON
101694,QC,2023-08-07,2024-02-12,101694QC
101695,MB,2023-07-31,2024-06-17,101695MB
101695,NB,2023-09-11,2023-09-11,101695NB
101700,ON,2025-03-17,2025-03-17,101700ON
101700,QC,2023-08-07,2024-03-25,101700QC
101702,MB,2023-07-31,2023-10-09,101702MB
101702,ON,2023-07-31,2025-04-21,101702ON
101702,SK,2023-08-14,2023-10-09,101702SK
101703,BC,2023-07-31,2024-02-19,101703BC
101703,MB,2023-07-31,2024-05-06,101703MB
101703,NU,2024-05-06,2024-05-06,101703NU
101703,ON,2023-08-07,2024-04-22,101703ON
101703,PE,2023-09-25,2023-09-25,101703PE
101703,SK,2023-08-28,2024-05-27,101703SK
101704,MB,2023-07-31,2024-05-13,101704MB
101706,QC,2023-08-07,2025-02-10,101706QC
101706,SK,2024-08-05,2024-08-05,101706SK
101708,AB,2023-07-31,2024-05-27,101708AB
101708,MB,2023-07-31,2024-08-19,101708MB
101708,NL,2023-08-07,2024-06-03,101708NL
101708,ON,2025-04-21,2025-04-21,101708ON
101708,PE,2023-10-23,2024-02-12,101708PE
101708,SK,2023-08-14,2024-08-05,101708SK
101711,AB,2023-08-21,2024-10-21,101711AB
101711,BC,2023-08-21,2024-07-29,101711BC
101711,MB,2023-08-21,2025-06-16,101711MB
101711,NL,2023-12-04,2025-06-16,101711NL
101711,NS,2023-07-31,2025-06-16,101711NS
101711,NT,2024-04-29,2025-02-17,101711NT
101711,NU,2024-03-25,2025-05-05,101711NU
101711,ON,2023-08-21,2025-06-16,101711ON
101711,PE,2023-08-14,2024-01-29,101711PE
101711,QC,2023-09-11,2023-10-02,101711QC
101711,SK,2023-08-21,2025-03-31,101711SK
101711,YT,2024-12-16,2024-12-16,101711YT
101712,AB,2023-07-31,2025-05-19,101712AB
101712,BC,2023-07-31,2025-05-19,101712BC
101712,MB,2023-08-14,2025-06-16,101712MB
101712,NL,2023-08-28,2025-05-26,101712NL
101712,NS,2023-07-31,2025-06-02,101712NS
101712,NT,2024-07-15,2025-05-19,101712NT
101712,NU,2024-05-06,2025-06-09,101712NU
101712,ON,2023-07-31,2025-06-09,101712ON
101712,PE,2023-08-14,2024-04-22,101712PE
101712,SK,2023-08-21,2025-06-16,101712SK
101712,YT,2024-12-16,2024-12-16,101712YT
101713,ON,2025-03-17,2025-03-17,101713ON
101715,NB,2023-08-14,2023-09-11,101715NB
101717,MB,2023-07-31,2024-05-20,101717MB
101717,NB,2024-02-12,2024-02-12,101717NB
101717,NU,2024-02-12,2024-02-12,101717NU
101717,ON,2023-08-07,2025-04-21,101717ON
101717,QC,2023-08-07,2023-10-02,101717QC
101717,SK,2023-08-21,2024-08-05,101717SK
101718,NS,2023-09-25,2025-01-27,101718NS
101724,MB,2023-08-14,2023-08-14,101724MB
101724,PE,2023-07-31,2023-07-31,101724PE
101724,SK,2024-09-16,2024-09-16,101724SK
101725,MB,2023-07-31,2024-05-27,101725MB
101725,QC,2023-08-07,2024-03-18,101725QC
101725,SK,2023-09-18,2024-05-27,101725SK
101729,SK,2023-08-14,2023-08-14,101729SK
101731,AB,2023-07-31,2025-06-16,101731AB
101731,BC,2023-07-31,2025-05-19,101731BC
101731,MB,2023-07-31,2025-06-16,101731MB
101731,NL,2023-08-28,2025-06-16,101731NL
101731,NS,2023-07-31,2025-06-16,101731NS
101731,NT,2023-10-23,2025-05-19,101731NT
101731,NU,2024-05-06,2024-12-16,101731NU
101731,ON,2023-07-31,2025-06-16,101731ON
101731,PE,2023-12-04,2024-11-04,101731PE
101731,SK,2023-07-31,2025-06-16,101731SK
101732,QC,2023-07-31,2025-06-16,101732QC
101734,QC,2023-08-07,2025-03-03,101734QC
101735,QC,2023-08-07,2025-02-10,101735QC
101737,MB,2023-07-31,2024-05-27,101737MB
101737,NT,2023-10-23,2023-11-20,101737NT
101737,ON,2023-08-14,2023-08-14,101737ON
101737,SK,2023-09-18,2024-04-08,101737SK
101737,YT,2024-01-22,2024-01-22,101737YT
101738,MB,2023-07-31,2023-12-11,101738MB
101738,NL,2023-07-31,2023-07-31,101738NL
101738,NT,2023-10-23,2023-11-20,101738NT
101738,ON,2023-08-07,2023-08-07,101738ON
101738,PE,2023-08-14,2023-08-14,101738PE
101738,SK,2023-07-31,2023-12-18,101738SK
101738,YT,2024-01-22,2024-01-22,101738YT
101744,AB,2023-08-21,2023-10-09,101744AB
101744,MB,2023-08-14,2024-03-11,101744MB
101744,NT,2023-10-23,2023-10-23,101744NT
101744,ON,2023-07-31,2023-09-04,101744ON
101744,PE,2023-08-14,2023-08-14,101744PE
101744,SK,2023-08-14,2023-08-14,101744SK
101753,AB,2023-08-07,2023-10-30,101753AB
101753,BC,2023-08-07,2023-12-11,101753BC
101753,MB,2023-07-31,2024-05-06,101753MB
101753,NL,2023-07-31,2024-04-22,101753NL
101753,ON,2023-07-31,2023-12-18,101753ON
101753,SK,2023-07-31,2024-01-22,101753SK
101754,AB,2023-08-21,2024-03-18,101754AB
101754,BC,2023-07-31,2023-11-27,101754BC
101754,MB,2023-08-07,2024-07-22,101754MB
101754,NL,2023-07-31,2024-04-22,101754NL
101754,NU,2024-05-06,2024-07-29,101754NU
101754,ON,2023-08-07,2024-01-29,101754ON
101754,SK,2023-08-28,2024-07-22,101754SK
101755,AB,2023-08-28,2024-01-29,101755AB
101755,BC,2023-09-25,2023-11-06,101755BC
101755,MB,2023-07-31,2024-05-13,101755MB
101755,NL,2023-08-07,2024-04-01,101755NL
101755,ON,2023-09-04,2024-01-29,101755ON
101755,PE,2023-07-31,2023-10-09,101755PE
101755,SK,2023-09-18,2024-02-12,101755SK
101759,AB,2023-09-18,2024-01-22,101759AB
101759,MB,2023-07-31,2024-06-17,101759MB
101759,NB,2023-11-20,2023-11-20,101759NB
101759,NL,2023-07-31,2024-05-27,101759NL
101759,ON,2023-09-25,2025-03-17,101759ON
101759,PE,2024-05-06,2024-05-06,101759PE
101759,SK,2023-07-31,2024-03-18,101759SK
101761,AB,2024-12-02,2024-12-02,101761AB
101761,BC,2024-07-29,2025-06-09,101761BC
101761,MB,2024-09-02,2025-06-16,101761MB
101761,NT,2025-04-28,2025-05-19,101761NT
101761,NU,2024-09-23,2025-06-09,101761NU
101761,ON,2024-10-14,2025-06-16,101761ON
101761,SK,2024-08-05,2025-06-16,101761SK
101764,AB,2023-07-31,2025-02-03,101764AB
101764,BC,2023-07-31,2025-02-24,101764BC
101764,MB,2023-08-14,2025-04-14,101764MB
101764,NL,2023-07-31,2023-12-04,101764NL
101764,NT,2023-12-04,2025-04-28,101764NT
101764,NU,2024-07-29,2025-02-10,101764NU
101764,ON,2023-08-14,2025-04-21,101764ON
101764,PE,2023-10-23,2023-12-04,101764PE
101764,SK,2023-08-14,2025-04-07,101764SK
101774,ON,2025-04-21,2025-04-21,101774ON
101774,QC,2023-08-07,2024-02-12,101774QC
101775,ON,2025-03-17,2025-03-17,101775ON
101775,SK,2023-08-14,2023-08-28,101775SK
101777,ON,2025-03-17,2025-04-21,101777ON
101777,SK,2023-07-31,2023-09-11,101777SK
101782,QC,2023-08-14,2023-08-28,101782QC
101786,AB,2023-10-09,2024-04-01,101786AB
101786,MB,2023-10-02,2024-09-09,101786MB
101786,NB,2025-04-28,2025-04-28,101786NB
101786,NL,2024-01-22,2024-04-29,101786NL
101786,NS,2024-04-22,2024-04-22,101786NS
101786,NU,2024-03-25,2024-06-17,101786NU
101786,ON,2023-10-02,2024-05-06,101786ON
101786,PE,2023-10-09,2024-02-12,101786PE
101786,SK,2023-10-02,2024-09-16,101786SK
101786,YT,2023-11-20,2025-06-02,101786YT
101787,AB,2023-11-06,2024-11-25,101787AB
101787,MB,2023-10-16,2025-06-02,101787MB
101787,NB,2025-04-21,2025-04-21,101787NB
101787,NL,2024-12-02,2025-04-07,101787NL
101787,NS,2024-04-22,2025-05-19,101787NS
101787,NU,2024-03-25,2024-11-25,101787NU
101787,ON,2023-10-16,2025-05-26,101787ON
101787,PE,2024-01-15,2025-05-19,101787PE
101787,SK,2023-10-23,2025-05-26,101787SK
101787,YT,2023-11-20,2025-06-02,101787YT
101815,AB,2023-07-31,2024-02-26,101815AB
101815,MB,2023-07-31,2024-09-30,101815MB
101815,NU,2024-09-23,2024-09-23,101815NU
101815,ON,2023-07-31,2025-04-21,101815ON
101815,QC,2023-08-07,2024-09-23,101815QC
101815,SK,2023-09-18,2024-09-16,101815SK
101818,NB,2023-08-14,2023-08-14,101818NB
101818,ON,2025-04-21,2025-04-21,101818ON
101819,MB,2023-07-31,2024-05-27,101819MB
101819,NT,2023-08-07,2023-11-20,101819NT
101819,NU,2023-08-21,2024-01-15,101819NU
101819,ON,2023-07-31,2023-08-14,101819ON
101819,SK,2023-07-31,2024-08-26,101819SK
101820,ON,2025-04-21,2025-04-21,101820ON
101820,QC,2023-08-28,2023-09-18,101820QC
101821,ON,2025-03-10,2025-03-10,101821ON
101822,SK,2023-07-31,2023-09-11,101822SK
101823,QC,2023-08-07,2025-06-16,101823QC
101832,AB,2023-07-31,2023-11-13,101832AB
101832,BC,2023-08-21,2023-11-06,101832BC
101832,MB,2023-07-31,2025-02-17,101832MB
101832,NB,2024-08-26,2025-04-28,101832NB
101832,NT,2023-08-07,2025-01-20,101832NT
101832,NU,2024-02-12,2025-02-10,101832NU
101832,ON,2023-07-31,2024-03-18,101832ON
101832,SK,2023-07-31,2025-03-03,101832SK
101833,AB,2023-07-31,2024-01-01,101833AB
101833,BC,2023-08-21,2023-10-30,101833BC
101833,MB,2023-07-31,2025-03-17,101833MB
101833,NB,2024-08-26,2025-04-28,101833NB
101833,NT,2023-08-07,2025-01-20,101833NT
101833,NU,2024-02-12,2025-02-10,101833NU
101833,ON,2023-07-31,2024-02-26,101833ON
101833,SK,2023-07-31,2025-03-24,101833SK
101833,YT,2024-11-11,2024-11-11,101833YT
101834,MB,2023-07-31,2025-03-17,101834MB
101834,NB,2023-08-28,2025-03-24,101834NB
101834,NT,2023-08-07,2024-10-21,101834NT
101834,NU,2024-11-11,2025-02-10,101834NU
101834,ON,2023-07-31,2024-04-22,101834ON
101834,SK,2023-07-31,2025-01-20,101834SK
101834,YT,2024-11-11,2024-11-11,101834YT
101835,AB,2023-07-31,2024-01-22,101835AB
101835,MB,2023-07-31,2025-01-13,101835MB
101835,NS,2024-09-09,2025-01-13,101835NS
101835,NT,2023-08-07,2025-01-20,101835NT
101835,NU,2024-02-12,2024-09-23,101835NU
101835,ON,2023-07-31,2025-01-27,101835ON
101835,SK,2023-07-31,2025-01-06,101835SK
101835,YT,2024-11-11,2024-11-11,101835YT
101836,AB,2023-08-07,2023-08-28,101836AB
101836,BC,2023-07-31,2025-06-09,101836BC
101836,MB,2023-07-31,2025-06-16,101836MB
101836,NL,2023-07-31,2025-06-16,101836NL
101836,NT,2023-12-04,2025-05-19,101836NT
101836,NU,2024-02-12,2025-05-05,101836NU
101836,ON,2025-03-17,2025-03-17,101836ON
101836,PE,2023-08-14,2024-11-04,101836PE
101836,SK,2023-07-31,2025-06-09,101836SK
101837,AB,2023-07-31,2025-06-16,101837AB
101837,BC,2023-10-30,2025-03-31,101837BC
101837,MB,2023-07-31,2025-06-16,101837MB
101837,NL,2023-07-31,2025-01-27,101837NL
101837,NS,2023-09-25,2024-12-30,101837NS
101837,NT,2023-10-23,2025-05-19,101837NT
101837,NU,2024-03-25,2025-02-10,101837NU
101837,ON,2023-07-31,2025-06-16,101837ON
101837,PE,2023-07-31,2024-02-12,101837PE
101837,SK,2023-07-31,2025-06-16,101837SK
101837,YT,2024-11-11,2025-04-28,101837YT
101838,AB,2023-08-14,2024-04-08,101838AB
101838,BC,2023-08-07,2025-06-09,101838BC
101838,MB,2023-07-31,2025-06-16,101838MB
101838,NL,2023-07-31,2025-01-27,101838NL
101838,NT,2023-08-07,2025-04-28,101838NT
101838,NU,2025-05-05,2025-05-05,101838NU
101838,ON,2025-04-21,2025-04-21,101838ON
101838,PE,2023-08-14,2024-11-04,101838PE
101838,SK,2023-07-31,2025-06-09,101838SK
101839,AB,2023-07-31,2025-06-16,101839AB
101839,BC,2024-04-15,2025-03-17,101839BC
101839,MB,2023-07-31,2025-06-16,101839MB
101839,NL,2023-07-31,2025-01-27,101839NL
101839,NS,2023-09-25,2024-12-30,101839NS
101839,NT,2023-12-04,2025-05-19,101839NT
101839,NU,2024-09-23,2025-02-10,101839NU
101839,ON,2023-07-31,2025-06-16,101839ON
101839,PE,2023-07-31,2024-02-12,101839PE
101839,SK,2023-07-31,2025-06-16,101839SK
101839,YT,2024-11-11,2025-04-28,101839YT
101877,QC,2023-08-07,2025-06-16,101877QC
101879,AB,2023-09-18,2023-10-30,101879AB
101879,MB,2023-10-09,2024-04-22,101879MB
101879,SK,2023-08-14,2024-01-01,101879SK
101880,AB,2023-07-31,2024-03-11,101880AB
101880,MB,2023-07-31,2023-08-21,101880MB
101880,ON,2023-08-07,2024-05-27,101880ON
101883,SK,2023-11-13,2023-11-13,101883SK
101892,QC,2023-08-07,2025-06-16,101892QC
101894,AB,2023-08-14,2023-08-14,101894AB
101894,MB,2023-07-31,2024-06-10,101894MB
101894,NB,2023-09-11,2023-11-06,101894NB
101894,NL,2024-01-22,2024-07-29,101894NL
101894,NU,2024-06-17,2024-06-17,101894NU
101894,ON,2023-09-25,2024-08-12,101894ON
101894,PE,2023-09-11,2024-07-01,101894PE
101894,SK,2023-09-18,2024-06-03,101894SK
101897,MB,2023-07-31,2024-03-11,101897MB
101897,NB,2023-09-11,2023-09-11,101897NB
101897,NL,2023-07-31,2023-08-21,101897NL
101897,NU,2024-02-12,2024-02-12,101897NU
101897,ON,2023-07-31,2025-04-21,101897ON
101897,PE,2023-10-23,2023-12-04,101897PE
101897,SK,2023-08-14,2024-02-05,101897SK
101898,QC,2023-08-07,2025-06-16,101898QC
101899,AB,2023-10-09,2023-12-18,101899AB
101899,MB,2023-10-02,2025-01-20,101899MB
101899,NB,2024-02-26,2025-04-21,101899NB
101899,NL,2024-01-22,2024-09-23,101899NL
101899,NU,2024-06-17,2024-06-17,101899NU
101899,ON,2024-06-03,2024-10-28,101899ON
101899,SK,2023-10-02,2025-01-20,101899SK
101899,YT,2023-11-20,2025-03-31,101899YT
101900,SK,2024-01-29,2024-02-12,101900SK
101901,AB,2023-11-06,2025-06-16,101901AB
101901,MB,2023-11-27,2025-06-16,101901MB
101901,NT,2025-03-31,2025-05-26,101901NT
101901,NU,2024-02-12,2025-06-09,101901NU
101901,ON,2023-11-06,2025-06-16,101901ON
101901,PE,2024-10-21,2025-04-21,101901PE
101901,SK,2023-11-27,2025-06-09,101901SK
101902,AB,2023-11-06,2025-06-16,101902AB
101902,MB,2023-12-04,2025-06-16,101902MB
101902,NT,2025-03-31,2025-05-26,101902NT
101902,NU,2024-02-12,2025-06-09,101902NU
101902,ON,2023-10-23,2025-05-26,101902ON
101902,SK,2023-10-30,2025-06-09,101902SK
101902,YT,2024-10-14,2025-06-02,101902YT
101906,MB,2024-02-19,2024-05-13,101906MB
101906,ON,2025-04-21,2025-04-21,101906ON
101906,SK,2023-10-02,2024-04-29,101906SK
101908,AB,2024-01-08,2024-04-29,101908AB
101908,MB,2023-07-31,2024-07-15,101908MB
101908,NU,2024-03-25,2024-07-29,101908NU
101908,ON,2023-07-31,2024-11-04,101908ON
101908,SK,2023-07-31,2024-07-08,101908SK
101909,AB,2023-10-23,2023-12-04,101909AB
101909,MB,2023-07-31,2024-06-17,101909MB
101909,NB,2023-09-11,2023-09-11,101909NB
101909,SK,2023-11-13,2024-04-22,101909SK
101910,AB,2023-07-31,2023-10-30,101910AB
101910,BC,2023-07-31,2023-09-18,101910BC
101910,MB,2023-10-30,2024-04-01,101910MB
101910,NL,2024-02-05,2024-05-06,101910NL
101910,ON,2024-02-26,2025-04-21,101910ON
101910,SK,2023-10-16,2023-12-04,101910SK
101913,AB,2023-08-07,2023-08-21,101913AB
101913,ON,2023-08-07,2023-08-21,101913ON
101914,SK,2023-10-30,2023-10-30,101914SK
101917,MB,2023-08-21,2023-10-09,101917MB
101917,SK,2023-07-31,2023-10-02,101917SK
101918,NB,2023-11-20,2023-11-20,101918NB
101919,NB,2024-02-12,2024-02-12,101919NB
101919,SK,2024-04-22,2024-08-26,101919SK
101920,AB,2023-07-31,2023-08-21,101920AB
101920,MB,2023-07-31,2024-07-22,101920MB
101920,NL,2023-08-07,2023-09-25,101920NL
101920,NS,2023-09-25,2023-09-25,101920NS
101920,ON,2023-07-31,2025-04-21,101920ON
101920,PE,2023-08-28,2024-06-03,101920PE
101920,SK,2023-08-21,2024-09-30,101920SK
101921,AB,2024-02-26,2024-02-26,101921AB
101921,MB,2023-08-14,2024-03-11,101921MB
101921,ON,2023-07-31,2025-04-21,101921ON
101921,PE,2023-09-11,2024-06-17,101921PE
101921,SK,2023-08-21,2024-09-30,101921SK
101922,AB,2023-08-28,2024-01-29,101922AB
101922,MB,2023-07-31,2025-01-20,101922MB
101922,NU,2024-09-23,2024-12-16,101922NU
101922,ON,2023-08-07,2024-05-06,101922ON
101922,SK,2023-07-31,2025-01-20,101922SK
101924,SK,2024-01-08,2024-08-26,101924SK
101928,ON,2023-07-31,2023-07-31,101928ON
101932,ON,2025-04-21,2025-04-21,101932ON
101936,MB,2023-07-31,2024-05-20,101936MB
101936,NT,2023-10-23,2023-12-18,101936NT
101936,ON,2023-08-21,2025-04-21,101936ON
101936,QC,2023-08-28,2023-10-02,101936QC
101936,SK,2024-03-18,2024-08-05,101936SK
101938,MB,2023-07-31,2023-08-28,101938MB
101938,NS,2023-08-14,2024-01-01,101938NS
101938,NT,2023-10-23,2023-12-18,101938NT
101938,ON,2023-09-18,2024-01-01,101938ON
101938,PE,2023-12-04,2023-12-04,101938PE
101943,AB,2023-08-07,2024-03-11,101943AB
101943,BC,2023-08-07,2024-06-10,101943BC
101943,MB,2023-08-07,2024-07-15,101943MB
101943,NT,2023-10-23,2023-12-18,101943NT
101943,ON,2023-07-31,2024-06-17,101943ON
101943,PE,2023-07-31,2024-01-15,101943PE
101943,QC,2023-08-07,2023-12-18,101943QC
101943,SK,2023-08-21,2024-06-24,101943SK
101943,YT,2024-01-22,2024-07-22,101943YT
101944,AB,2023-07-31,2025-06-16,101944AB
101944,BC,2023-08-07,2025-06-16,101944BC
101944,MB,2024-11-18,2025-06-09,101944MB
101944,NT,2023-10-23,2025-02-17,101944NT
101944,ON,2023-07-31,2025-06-16,101944ON
101944,QC,2023-08-07,2025-06-16,101944QC
101944,SK,2024-12-09,2025-03-03,101944SK
101944,YT,2024-01-22,2025-06-02,101944YT
101945,AB,2024-03-04,2024-03-04,101945AB
101945,NB,2023-09-11,2023-09-11,101945NB
101945,NT,2023-08-07,2023-08-07,101945NT
101945,SK,2023-08-28,2023-09-25,101945SK
101948,AB,2023-07-31,2025-06-16,101948AB
101948,BC,2023-11-20,2025-06-16,101948BC
101948,MB,2023-07-31,2025-06-16,101948MB
101948,NB,2023-09-11,2023-12-18,101948NB
101948,NL,2023-09-04,2025-06-16,101948NL
101948,NT,2023-10-23,2025-04-28,101948NT
101948,NU,2024-09-23,2024-09-23,101948NU
101948,ON,2023-07-31,2025-06-16,101948ON
101948,PE,2023-09-11,2025-02-24,101948PE
101948,SK,2023-09-04,2025-06-16,101948SK
101948,YT,2024-06-17,2024-11-11,101948YT
101949,AB,2023-07-31,2025-06-16,101949AB
101949,BC,2023-11-20,2025-06-02,101949BC
101949,MB,2023-07-31,2025-06-16,101949MB
101949,NB,2023-09-11,2023-12-18,101949NB
101949,NL,2024-01-29,2025-06-16,101949NL
101949,NT,2023-10-23,2025-04-28,101949NT
101949,NU,2024-09-23,2024-12-16,101949NU
101949,ON,2023-07-31,2025-06-16,101949ON
101949,PE,2023-10-23,2025-02-10,101949PE
101949,SK,2023-10-23,2025-06-16,101949SK
101949,YT,2024-11-11,2024-11-11,101949YT
101952,ON,2025-03-17,2025-04-21,101952ON
101952,QC,2023-08-07,2023-12-18,101952QC
101953,MB,2023-07-31,2023-09-25,101953MB
101953,NT,2023-08-07,2023-10-23,101953NT
101953,NU,2023-08-21,2024-01-15,101953NU
101953,ON,2023-07-31,2023-09-25,101953ON
101953,PE,2023-07-31,2023-07-31,101953PE
101954,MB,2023-07-31,2024-05-27,101954MB
101954,NT,2023-08-07,2023-11-20,101954NT
101954,ON,2023-08-14,2023-10-23,101954ON
101954,SK,2023-10-02,2024-04-22,101954SK
101956,BC,2023-07-31,2024-08-26,101956BC
101956,MB,2023-07-31,2024-09-16,101956MB
101956,ON,2023-08-14,2024-11-04,101956ON
101956,PE,2023-08-28,2024-02-26,101956PE
101956,SK,2023-07-31,2024-04-15,101956SK
101959,NB,2025-04-07,2025-04-07,101959NB
101959,ON,2025-04-21,2025-04-21,101959ON
101959,QC,2023-08-07,2025-06-16,101959QC
101961,MB,2024-02-12,2024-02-12,101961MB
101961,QC,2023-08-07,2025-02-10,101961QC
101964,NB,2023-08-28,2023-08-28,101964NB
101964,ON,2023-07-31,2023-10-30,101964ON
101969,AB,2023-08-14,2025-03-17,101969AB
101969,BC,2023-07-31,2025-05-26,101969BC
101969,MB,2023-08-07,2025-06-16,101969MB
101969,NU,2024-02-12,2025-05-05,101969NU
101969,ON,2024-01-15,2025-06-09,101969ON
101969,SK,2023-07-31,2025-04-14,101969SK
101969,YT,2024-11-11,2024-11-11,101969YT
101970,ON,2023-11-20,2024-02-19,101970ON
101970,SK,2024-09-09,2024-09-09,101970SK
101972,AB,2024-01-15,2024-02-05,101972AB
101972,MB,2023-08-14,2025-01-13,101972MB
101972,NB,2025-03-24,2025-03-24,101972NB
101972,NU,2024-07-29,2024-11-25,101972NU
101972,ON,2023-09-25,2025-01-13,101972ON
101972,SK,2023-10-02,2025-01-06,101972SK
101979,QC,2023-08-07,2023-08-28,101979QC
101994,MB,2023-08-07,2024-01-22,101994MB
101994,NB,2023-09-11,2023-09-11,101994NB
101994,ON,2025-04-21,2025-04-21,101994ON
101994,SK,2023-10-02,2024-01-01,101994SK
101999,AB,2023-08-14,2023-08-14,101999AB
101999,MB,2023-07-31,2023-07-31,101999MB
101999,NL,2023-08-07,2023-09-25,101999NL
101999,ON,2023-08-14,2023-08-21,101999ON
101999,SK,2023-07-31,2023-07-31,101999SK
102005,QC,2023-10-23,2024-09-09,102005QC
102023,MB,2023-09-04,2023-09-25,102023MB
102023,SK,2023-07-31,2023-10-02,102023SK
102025,BC,2023-07-31,2023-11-13,102025BC
102025,MB,2024-02-12,2024-02-12,102025MB
102025,NL,2023-10-09,2023-10-09,102025NL
102027,MB,2023-07-31,2025-06-16,102027MB
102027,NL,2024-01-22,2024-10-14,102027NL
102027,NU,2024-02-12,2025-05-05,102027NU
102027,ON,2023-08-21,2025-06-16,102027ON
102027,SK,2023-10-02,2025-05-05,102027SK
102028,MB,2023-07-31,2025-06-09,102028MB
102028,NB,2024-12-30,2024-12-30,102028NB
102028,NL,2024-01-22,2024-03-11,102028NL
102028,NU,2024-09-23,2025-05-05,102028NU
102028,ON,2023-08-21,2025-06-16,102028ON
102028,SK,2023-10-02,2025-05-05,102028SK
102032,NL,2023-07-31,2024-11-18,102032NL
102033,NL,2023-07-31,2024-11-18,102033NL
102034,NL,2023-08-07,2025-02-03,102034NL
102035,NL,2023-07-31,2025-02-03,102035NL
102036,AB,2023-10-23,2024-04-08,102036AB
102036,BC,2023-11-06,2025-01-13,102036BC
102036,MB,2023-10-16,2025-06-16,102036MB
102036,NB,2024-02-26,2025-04-28,102036NB
102036,NL,2023-10-23,2024-10-07,102036NL
102036,NS,2023-10-23,2025-04-07,102036NS
102036,NU,2024-02-12,2024-07-29,102036NU
102036,ON,2023-12-25,2025-03-31,102036ON
102036,SK,2023-10-23,2025-05-26,102036SK
102036,YT,2023-11-20,2024-01-22,102036YT
102037,AB,2023-10-23,2025-03-17,102037AB
102037,BC,2023-11-06,2025-05-26,102037BC
102037,MB,2023-10-16,2025-06-16,102037MB
102037,NB,2024-02-26,2025-04-28,102037NB
102037,NL,2024-01-22,2025-03-31,102037NL
102037,NU,2024-03-25,2024-06-17,102037NU
102037,ON,2023-12-25,2025-06-09,102037ON
102037,PE,2024-06-17,2025-05-05,102037PE
102037,SK,2023-10-23,2025-05-26,102037SK
102037,YT,2023-11-20,2024-01-22,102037YT
102045,AB,2023-10-30,2023-12-11,102045AB
102045,BC,2023-08-07,2023-12-04,102045BC
102045,MB,2023-07-31,2024-08-19,102045MB
102045,NL,2023-08-07,2023-09-25,102045NL
102045,NS,2023-08-28,2024-06-03,102045NS
102045,NU,2024-06-17,2024-06-17,102045NU
102045,ON,2023-09-25,2024-01-15,102045ON
102045,PE,2023-11-06,2023-12-04,102045PE
102045,SK,2023-08-28,2024-09-02,102045SK
102046,QC,2023-10-23,2025-04-07,102046QC
102051,QC,2023-10-23,2025-04-14,102051QC
102052,MB,2023-07-31,2024-04-15,102052MB
102052,NB,2023-09-11,2023-11-20,102052NB
102052,NL,2023-08-07,2023-09-25,102052NL
102052,NU,2023-08-21,2024-03-25,102052NU
102052,ON,2024-01-15,2024-04-22,102052ON
102052,PE,2023-09-11,2024-01-15,102052PE
102052,SK,2023-07-31,2024-04-29,102052SK
102052,YT,2024-05-27,2024-05-27,102052YT
102053,AB,2023-07-31,2025-06-09,102053AB
102053,BC,2023-07-31,2023-09-25,102053BC
102053,MB,2023-08-14,2025-06-16,102053MB
102053,NU,2024-03-25,2024-07-29,102053NU
102053,PE,2023-09-11,2024-02-26,102053PE
102053,SK,2023-08-14,2025-05-05,102053SK
102054,AB,2023-08-14,2023-08-14,102054AB
102054,MB,2023-07-31,2023-08-14,102054MB
102054,SK,2023-07-31,2023-07-31,102054SK
102058,ON,2023-11-20,2024-05-27,102058ON
102058,QC,2023-11-06,2024-09-09,102058QC
102059,AB,2023-09-25,2025-06-09,102059AB
102059,BC,2023-11-06,2025-06-16,102059BC
102059,MB,2023-10-09,2025-06-16,102059MB
102059,NL,2024-01-22,2025-06-16,102059NL
102059,NT,2025-04-28,2025-05-19,102059NT
102059,NU,2024-02-12,2025-05-05,102059NU
102059,ON,2024-01-29,2025-06-16,102059ON
102059,PE,2024-12-02,2025-01-13,102059PE
102059,SK,2023-10-09,2025-06-16,102059SK
102059,YT,2024-11-11,2025-06-02,102059YT
102063,AB,2023-10-23,2024-08-05,102063AB
102063,MB,2024-06-17,2025-06-09,102063MB
102063,NU,2024-06-17,2025-06-09,102063NU
102063,ON,2023-11-20,2025-02-24,102063ON
102063,SK,2024-06-03,2025-03-03,102063SK
102064,AB,2024-01-22,2024-06-17,102064AB
102064,MB,2024-08-19,2025-06-09,102064MB
102064,NU,2024-07-29,2025-06-09,102064NU
102064,ON,2024-01-29,2025-01-20,102064ON
102064,SK,2024-06-17,2025-03-10,102064SK
102064,YT,2025-06-02,2025-06-02,102064YT
102065,BC,2023-10-30,2025-05-19,102065BC
102066,AB,2023-10-23,2024-05-13,102066AB
102066,BC,2024-09-09,2024-09-30,102066BC
102066,MB,2023-10-23,2025-06-09,102066MB
102066,NU,2024-02-12,2025-06-09,102066NU
102066,ON,2023-12-25,2025-03-17,102066ON
102066,SK,2023-10-16,2025-02-03,102066SK
102066,YT,2025-06-02,2025-06-02,102066YT
102069,AB,2023-08-14,2023-08-14,102069AB
102069,MB,2023-08-21,2024-05-13,102069MB
102069,NB,2023-11-20,2023-11-20,102069NB
102069,NL,2023-08-07,2023-09-25,102069NL
102069,NU,2024-03-25,2024-03-25,102069NU
102069,SK,2023-07-31,2024-04-22,102069SK
102074,AB,2024-04-29,2024-04-29,102074AB
102074,MB,2023-08-21,2025-01-27,102074MB
102074,NU,2024-05-06,2024-11-25,102074NU
102074,ON,2025-03-17,2025-03-17,102074ON
102074,SK,2023-10-02,2025-01-20,102074SK
102077,BC,2023-10-23,2023-10-23,102077BC
102077,NL,2023-10-23,2023-10-23,102077NL
102077,NS,2023-10-23,2023-10-23,102077NS
102077,ON,2023-10-16,2023-10-16,102077ON
102077,PE,2023-10-23,2023-10-23,102077PE
102078,AB,2024-03-11,2024-10-14,102078AB
102078,BC,2023-07-31,2025-06-09,102078BC
102078,MB,2023-07-31,2025-06-16,102078MB
102078,NL,2023-08-07,2025-06-16,102078NL
102078,NS,2023-09-25,2025-06-16,102078NS
102078,NT,2023-12-18,2025-05-19,102078NT
102078,NU,2024-02-12,2025-05-05,102078NU
102078,ON,2023-10-23,2025-06-16,102078ON
102078,PE,2024-05-06,2025-05-19,102078PE
102078,SK,2023-07-31,2025-06-09,102078SK
102078,YT,2025-06-02,2025-06-02,102078YT
102080,SK,2024-08-26,2024-08-26,102080SK
102082,SK,2024-02-05,2024-02-05,102082SK
102084,AB,2024-04-08,2024-12-09,102084AB
102084,BC,2023-12-18,2024-04-01,102084BC
102084,MB,2024-01-08,2025-05-05,102084MB
102084,NU,2024-02-12,2024-09-23,102084NU
102084,ON,2023-11-13,2025-06-16,102084ON
102084,SK,2024-01-08,2025-05-12,102084SK
102085,AB,2024-04-15,2024-06-03,102085AB
102085,ON,2023-11-13,2025-04-07,102085ON
102086,AB,2023-12-11,2024-05-27,102086AB
102086,BC,2023-12-18,2024-05-06,102086BC
102086,MB,2024-01-08,2025-04-07,102086MB
102086,ON,2024-04-01,2025-04-21,102086ON
102086,SK,2024-01-15,2025-05-05,102086SK
102090,NB,2024-12-30,2024-12-30,102090NB
102090,QC,2023-10-23,2024-10-07,102090QC
102094,QC,2023-10-30,2023-12-04,102094QC
102095,AB,2023-11-27,2025-02-03,102095AB
102095,NB,2024-02-12,2024-02-12,102095NB
102095,ON,2023-09-25,2025-05-19,102095ON
102096,NB,2024-02-12,2024-02-12,102096NB
102096,ON,2023-09-25,2025-02-10,102096ON
102097,NB,2024-02-12,2024-02-12,102097NB
102097,ON,2023-09-25,2025-03-10,102097ON
102097,PE,2023-11-06,2023-11-06,102097PE
102098,AB,2023-10-16,2025-06-16,102098AB
102098,BC,2023-09-04,2025-06-09,102098BC
102098,MB,2023-10-30,2025-06-16,102098MB
102098,NL,2024-03-11,2025-06-16,102098NL
102098,NS,2024-03-11,2025-06-16,102098NS
102098,NT,2025-04-28,2025-05-19,102098NT
102098,NU,2024-06-17,2025-02-10,102098NU
102098,ON,2023-09-25,2025-06-16,102098ON
102098,PE,2024-05-06,2025-02-24,102098PE
102098,SK,2023-10-09,2025-06-16,102098SK
102098,YT,2025-06-02,2025-06-02,102098YT
102099,AB,2024-10-21,2025-06-16,102099AB
102099,MB,2024-10-28,2025-06-16,102099MB
102099,NT,2025-05-19,2025-05-26,102099NT
102099,NU,2024-10-28,2025-06-09,102099NU
102099,ON,2025-01-13,2025-06-09,102099ON
102099,SK,2024-10-14,2025-06-16,102099SK
102101,QC,2023-10-30,2023-12-04,102101QC
102105,QC,2023-10-23,2024-12-09,102105QC
102106,QC,2024-05-06,2025-06-16,102106QC
102125,QC,2023-11-06,2025-06-02,102125QC
102127,AB,2023-11-27,2025-04-28,102127AB
102127,MB,2023-12-11,2025-06-16,102127MB
102127,NL,2024-04-15,2025-05-26,102127NL
102127,NT,2025-04-28,2025-05-19,102127NT
102127,NU,2024-02-12,2025-05-05,102127NU
102127,ON,2024-02-26,2025-05-19,102127ON
102127,PE,2023-10-23,2025-06-02,102127PE
102127,SK,2023-12-18,2025-05-05,102127SK
102128,AB,2024-05-06,2024-06-10,102128AB
102128,MB,2024-05-13,2024-09-16,102128MB
102128,NU,2024-05-06,2024-09-23,102128NU
102128,ON,2024-01-29,2024-04-22,102128ON
102128,SK,2024-04-15,2024-08-26,102128SK
102142,QC,2023-08-28,2024-03-18,102142QC
102151,AB,2023-08-28,2024-04-22,102151AB
102151,BC,2023-09-04,2025-06-09,102151BC
102151,MB,2023-10-09,2024-12-30,102151MB
102151,NT,2023-12-18,2025-05-26,102151NT
102151,ON,2023-08-21,2025-06-09,102151ON
102151,PE,2023-11-20,2025-02-24,102151PE
102151,SK,2023-10-09,2025-02-10,102151SK
102151,YT,2023-11-20,2025-03-31,102151YT
102152,AB,2023-08-28,2024-04-22,102152AB
102152,BC,2023-09-04,2024-07-01,102152BC
102152,MB,2023-10-09,2024-12-30,102152MB
102152,NT,2023-12-18,2025-01-20,102152NT
102152,ON,2023-08-21,2024-07-15,102152ON
102152,SK,2023-10-09,2025-02-10,102152SK
102152,YT,2023-11-20,2024-03-25,102152YT
102153,AB,2023-09-11,2024-05-27,102153AB
102153,BC,2023-09-11,2024-01-22,102153BC
102153,MB,2023-10-09,2024-12-30,102153MB
102153,NT,2023-12-18,2025-01-20,102153NT
102153,ON,2023-09-11,2024-07-08,102153ON
102153,SK,2023-10-09,2025-02-10,102153SK
102153,YT,2023-11-20,2024-06-17,102153YT
102154,AB,2023-08-28,2025-06-16,102154AB
102154,BC,2023-09-04,2025-06-09,102154BC
102154,MB,2023-10-09,2025-01-13,102154MB
102154,NT,2023-12-18,2025-05-26,102154NT
102154,ON,2023-08-21,2025-06-09,102154ON
102154,SK,2023-10-09,2025-06-09,102154SK
102154,YT,2023-11-20,2025-03-10,102154YT
102155,AB,2023-08-28,2024-04-22,102155AB
102155,BC,2023-09-04,2025-06-09,102155BC
102155,MB,2023-10-09,2025-06-16,102155MB
102155,NL,2024-04-08,2025-02-24,102155NL
102155,NT,2023-12-18,2025-05-26,102155NT
102155,ON,2023-08-21,2025-06-16,102155ON
102155,SK,2023-10-09,2025-02-10,102155SK
102155,YT,2023-12-11,2025-04-28,102155YT
102156,AB,2023-09-04,2025-06-16,102156AB
102156,BC,2023-09-04,2025-06-09,102156BC
102156,MB,2023-10-09,2025-06-16,102156MB
102156,NL,2024-07-15,2025-02-10,102156NL
102156,NT,2023-12-18,2025-05-26,102156NT
102156,ON,2023-08-21,2025-06-16,102156ON
102156,PE,2023-11-20,2025-06-02,102156PE
102156,SK,2023-10-09,2025-06-16,102156SK
102156,YT,2023-09-25,2025-04-28,102156YT
102157,AB,2023-08-28,2024-07-08,102157AB
102157,MB,2023-10-09,2025-01-13,102157MB
102157,NB,2023-08-28,2023-08-28,102157NB
102157,NT,2023-12-18,2025-01-20,102157NT
102157,ON,2023-08-21,2024-05-06,102157ON
102157,SK,2023-10-09,2025-01-06,102157SK
102157,YT,2023-11-20,2024-05-27,102157YT
102158,AB,2023-08-28,2024-07-08,102158AB
102158,MB,2023-10-09,2025-01-13,102158MB
102158,NT,2023-12-18,2025-01-20,102158NT
102158,ON,2023-09-18,2024-07-08,102158ON
102158,SK,2023-10-23,2025-06-16,102158SK
102158,YT,2023-11-20,2024-03-25,102158YT
102159,AB,2023-08-28,2024-06-10,102159AB
102159,BC,2024-01-08,2024-05-06,102159BC
102159,MB,2023-10-09,2024-12-30,102159MB
102159,NL,2024-01-22,2024-06-10,102159NL
102159,NT,2023-12-18,2025-01-20,102159NT
102159,ON,2023-08-21,2024-06-10,102159ON
102159,SK,2023-10-30,2025-01-06,102159SK
102159,YT,2023-11-20,2024-03-25,102159YT
102160,AB,2023-09-18,2025-06-16,102160AB
102160,BC,2023-09-18,2025-02-10,102160BC
102160,MB,2023-10-09,2025-06-16,102160MB
102160,NT,2023-12-18,2025-05-26,102160NT
102160,ON,2023-08-21,2025-06-16,102160ON
102160,PE,2025-04-07,2025-04-07,102160PE
102160,SK,2023-10-02,2025-06-16,102160SK
102160,YT,2023-11-20,2025-02-10,102160YT
102161,AB,2023-08-28,2024-07-08,102161AB
102161,BC,2023-09-04,2024-01-15,102161BC
102161,MB,2023-10-09,2025-01-13,102161MB
102161,NT,2023-12-18,2025-01-20,102161NT
102161,ON,2023-08-21,2024-07-08,102161ON
102161,SK,2023-10-23,2025-01-06,102161SK
102161,YT,2023-11-20,2024-01-22,102161YT
102162,AB,2023-08-28,2024-03-18,102162AB
102162,MB,2023-10-09,2025-01-13,102162MB
102162,NT,2023-12-18,2025-02-03,102162NT
102162,ON,2023-08-21,2024-07-08,102162ON
102162,SK,2023-11-06,2025-01-06,102162SK
102162,YT,2023-11-20,2024-03-25,102162YT
102163,AB,2023-08-28,2024-04-22,102163AB
102163,BC,2023-09-04,2025-04-14,102163BC
102163,MB,2023-10-09,2024-12-30,102163MB
102163,NT,2023-12-18,2025-02-17,102163NT
102163,ON,2023-08-21,2025-05-19,102163ON
102163,SK,2023-10-09,2025-02-10,102163SK
102163,YT,2023-12-11,2025-04-28,102163YT
102164,AB,2023-09-18,2025-06-16,102164AB
102164,BC,2023-10-09,2023-10-09,102164BC
102164,MB,2023-10-09,2024-12-30,102164MB
102164,NT,2023-12-18,2025-05-26,102164NT
102164,ON,2023-08-21,2025-06-16,102164ON
102164,SK,2023-10-09,2025-03-10,102164SK
102164,YT,2023-09-25,2024-11-11,102164YT
102165,AB,2023-08-28,2025-06-16,102165AB
102165,BC,2023-09-04,2025-06-09,102165BC
102165,MB,2023-10-09,2025-06-16,102165MB
102165,NS,2024-11-04,2025-06-02,102165NS
102165,NT,2023-12-18,2025-05-26,102165NT
102165,ON,2023-08-21,2025-06-16,102165ON
102165,PE,2023-11-20,2024-07-01,102165PE
102165,SK,2023-10-09,2025-06-16,102165SK
102165,YT,2023-09-25,2025-06-02,102165YT
102167,AB,2023-10-23,2024-04-15,102167AB
102167,BC,2023-10-30,2024-02-05,102167BC
102167,MB,2023-11-27,2025-03-17,102167MB
102167,NU,2024-02-12,2025-05-05,102167NU
102167,ON,2023-12-25,2025-04-14,102167ON
102167,SK,2023-12-04,2025-03-10,102167SK
102167,YT,2025-04-28,2025-04-28,102167YT
102168,AB,2023-09-25,2024-02-26,102168AB
102168,MB,2023-12-11,2025-06-16,102168MB
102168,NU,2024-09-23,2025-05-05,102168NU
102168,ON,2023-12-25,2025-06-16,102168ON
102168,SK,2023-11-20,2025-06-09,102168SK
102174,NB,2024-12-30,2024-12-30,102174NB
102174,QC,2023-08-07,2024-04-15,102174QC
102176,AB,2024-02-19,2024-11-11,102176AB
102176,MB,2024-03-11,2025-05-26,102176MB
102176,NT,2025-05-19,2025-05-19,102176NT
102176,NU,2024-07-29,2025-06-09,102176NU
102176,ON,2024-06-03,2025-01-06,102176ON
102176,SK,2024-04-29,2025-02-03,102176SK
102176,YT,2024-11-11,2024-11-11,102176YT
102177,AB,2024-02-19,2024-04-29,102177AB
102177,BC,2024-08-12,2024-12-02,102177BC
102177,MB,2024-03-04,2025-06-09,102177MB
102177,NU,2024-03-25,2025-05-05,102177NU
102177,ON,2024-04-01,2025-04-28,102177ON
102177,SK,2024-04-08,2024-11-25,102177SK
102178,AB,2024-02-19,2025-02-03,102178AB
102178,MB,2024-03-04,2025-05-26,102178MB
102178,NT,2025-05-19,2025-05-19,102178NT
102178,NU,2024-03-25,2025-06-09,102178NU
102178,ON,2024-06-03,2025-01-20,102178ON
102178,SK,2024-03-18,2025-02-10,102178SK
102184,AB,2024-07-01,2024-08-12,102184AB
102184,MB,2024-08-26,2025-05-26,102184MB
102184,NU,2025-06-09,2025-06-09,102184NU
102184,ON,2024-05-20,2025-01-27,102184ON
102184,SK,2024-08-26,2025-04-07,102184SK
102184,YT,2024-10-14,2025-04-28,102184YT
102189,BC,2023-09-25,2025-04-07,102189BC
102194,AB,2024-04-08,2025-03-03,102194AB
102194,MB,2024-03-04,2025-06-16,102194MB
102194,NL,2024-07-15,2024-12-30,102194NL
102194,NS,2024-04-08,2024-04-08,102194NS
102194,NT,2025-04-28,2025-05-19,102194NT
102194,NU,2024-03-25,2025-05-05,102194NU
102194,ON,2024-07-01,2025-06-16,102194ON
102194,PE,2024-05-06,2024-07-01,102194PE
102194,SK,2024-02-05,2025-06-02,102194SK
102195,AB,2024-04-08,2025-03-03,102195AB
102195,MB,2024-03-04,2025-06-16,102195MB
102195,NL,2024-07-15,2025-01-27,102195NL
102195,NS,2024-04-08,2024-04-08,102195NS
102195,NT,2025-04-28,2025-05-19,102195NT
102195,NU,2024-03-25,2025-05-05,102195NU
102195,ON,2024-07-01,2025-06-16,102195ON
102195,PE,2024-05-06,2024-10-07,102195PE
102195,SK,2024-02-05,2025-06-02,102195SK
102207,QC,2023-11-20,2025-06-16,102207QC
102208,QC,2023-11-20,2025-06-16,102208QC
102210,QC,2023-11-20,2024-08-26,102210QC
102211,QC,2023-11-20,2025-02-03,102211QC
102212,AB,2024-01-29,2024-08-19,102212AB
102212,MB,2024-03-04,2025-04-28,102212MB
102212,NU,2024-03-25,2025-05-05,102212NU
102212,ON,2024-04-22,2025-04-28,102212ON
102212,SK,2024-03-04,2024-10-21,102212SK
102224,AB,2023-12-04,2025-06-09,102224AB
102224,MB,2024-02-05,2025-06-16,102224MB
102224,NB,2023-12-18,2025-05-05,102224NB
102224,NL,2024-01-22,2025-01-27,102224NL
102224,NU,2024-07-29,2024-07-29,102224NU
102224,ON,2024-01-29,2025-06-09,102224ON
102224,PE,2024-11-04,2024-12-02,102224PE
102224,SK,2024-01-08,2025-06-09,102224SK
102225,AB,2023-12-04,2024-10-14,102225AB
102225,MB,2024-02-05,2025-06-16,102225MB
102225,NB,2023-12-18,2025-05-05,102225NB
102225,NL,2024-01-22,2025-06-16,102225NL
102225,NU,2024-02-12,2024-02-12,102225NU
102225,ON,2023-12-25,2025-06-16,102225ON
102225,PE,2024-11-04,2025-05-19,102225PE
102225,SK,2024-01-08,2025-06-09,102225SK
102226,AB,2023-12-04,2024-04-29,102226AB
102226,MB,2023-12-11,2025-05-19,102226MB
102226,ON,2023-12-25,2025-04-07,102226ON
102226,SK,2023-11-20,2025-05-19,102226SK
102227,MB,2024-02-05,2025-05-19,102227MB
102227,NU,2024-02-12,2024-02-12,102227NU
102227,ON,2023-12-25,2025-05-05,102227ON
102227,SK,2024-01-15,2025-02-17,102227SK
102228,QC,2023-11-20,2024-08-26,102228QC
102232,BC,2024-07-29,2024-07-29,102232BC
102232,MB,2024-10-14,2024-12-30,102232MB
102232,NU,2024-09-23,2025-05-05,102232NU
102232,ON,2024-06-03,2025-06-16,102232ON
102232,SK,2024-10-14,2024-10-21,102232SK
102237,AB,2024-08-12,2024-10-07,102237AB
102237,BC,2024-08-12,2024-10-21,102237BC
102237,MB,2024-08-12,2025-05-26,102237MB
102237,NL,2024-08-12,2025-02-17,102237NL
102237,NU,2024-09-23,2025-05-05,102237NU
102237,ON,2024-11-18,2025-06-16,102237ON
102237,SK,2024-08-05,2024-10-14,102237SK
102237,YT,2024-11-11,2025-04-28,102237YT
102238,AB,2024-04-29,2024-06-10,102238AB
102238,MB,2024-06-03,2025-01-06,102238MB
102238,NB,2025-04-07,2025-04-07,102238NB
102238,NU,2024-07-29,2024-11-25,102238NU
102238,PE,2024-07-29,2024-10-07,102238PE
102238,SK,2024-05-20,2024-10-14,102238SK
102238,YT,2024-11-11,2024-12-16,102238YT
102241,AB,2024-01-29,2025-03-03,102241AB
102241,BC,2024-01-15,2025-03-03,102241BC
102241,MB,2024-02-05,2025-06-16,102241MB
102241,NL,2024-01-22,2024-11-04,102241NL
102241,NS,2024-04-08,2025-06-16,102241NS
102241,NT,2025-05-19,2025-05-19,102241NT
102241,NU,2024-03-25,2025-02-10,102241NU
102241,ON,2024-04-01,2025-06-16,102241ON
102241,PE,2025-01-13,2025-06-02,102241PE
102241,SK,2024-01-22,2025-06-16,102241SK
102241,YT,2024-10-14,2025-06-02,102241YT
102242,AB,2024-01-29,2025-01-27,102242AB
102242,MB,2024-02-05,2025-05-19,102242MB
102242,NL,2024-01-22,2024-09-30,102242NL
102242,NT,2025-04-28,2025-04-28,102242NT
102242,NU,2025-02-10,2025-02-10,102242NU
102242,ON,2024-04-01,2025-05-26,102242ON
102242,PE,2024-06-17,2024-07-29,102242PE
102242,SK,2024-01-29,2025-03-10,102242SK
102242,YT,2024-10-14,2024-11-11,102242YT
102243,AB,2024-01-29,2025-06-09,102243AB
102243,BC,2024-03-11,2024-11-11,102243BC
102243,MB,2024-02-05,2025-06-16,102243MB
102243,NL,2024-01-22,2025-05-26,102243NL
102243,NS,2024-04-08,2025-06-16,102243NS
102243,NT,2025-04-28,2025-04-28,102243NT
102243,NU,2024-03-25,2025-05-05,102243NU
102243,ON,2024-05-20,2025-06-16,102243ON
102243,PE,2024-12-02,2025-05-19,102243PE
102243,SK,2024-02-05,2025-05-26,102243SK
102243,YT,2024-10-14,2025-04-28,102243YT
102244,AB,2024-08-05,2025-06-09,102244AB
102244,BC,2024-06-10,2025-05-19,102244BC
102244,MB,2024-05-20,2025-06-16,102244MB
102244,NT,2025-05-19,2025-05-19,102244NT
102244,NU,2024-06-17,2025-05-05,102244NU
102244,ON,2024-06-03,2025-06-16,102244ON
102244,SK,2024-05-20,2025-04-14,102244SK
102245,AB,2024-04-08,2024-10-14,102245AB
102245,MB,2024-03-11,2025-02-03,102245MB
102245,NB,2025-04-07,2025-05-05,102245NB
102245,NU,2024-05-06,2024-11-25,102245NU
102245,ON,2024-06-03,2025-03-17,102245ON
102245,PE,2024-05-06,2024-06-17,102245PE
102245,SK,2024-04-29,2025-03-10,102245SK
102245,YT,2024-10-14,2025-06-02,102245YT
102246,AB,2024-04-08,2024-10-14,102246AB
102246,MB,2024-03-11,2025-02-03,102246MB
102246,NB,2025-04-07,2025-05-05,102246NB
102246,NU,2024-05-06,2024-11-25,102246NU
102246,ON,2024-06-03,2025-02-24,102246ON
102246,SK,2024-04-29,2024-10-21,102246SK
102246,YT,2024-10-14,2025-06-02,102246YT
102247,AB,2024-05-13,2024-06-24,102247AB
102247,MB,2024-03-04,2025-06-09,102247MB
102247,NU,2024-03-25,2024-03-25,102247NU
102247,ON,2024-05-20,2025-06-16,102247ON
102247,SK,2024-02-19,2025-04-07,102247SK
102248,AB,2024-05-13,2024-12-02,102248AB
102248,BC,2024-02-12,2024-02-12,102248BC
102248,MB,2024-03-04,2025-06-16,102248MB
102248,NU,2024-03-25,2024-03-25,102248NU
102248,ON,2024-05-20,2025-06-16,102248ON
102248,SK,2024-02-19,2025-04-07,102248SK
102249,AB,2024-05-20,2024-12-16,102249AB
102249,BC,2024-02-12,2024-02-12,102249BC
102249,MB,2024-03-04,2025-06-09,102249MB
102249,ON,2024-05-20,2025-06-16,102249ON
102249,SK,2024-02-19,2025-05-05,102249SK
102252,AB,2024-05-06,2025-03-10,102252AB
102252,BC,2024-05-27,2024-07-15,102252BC
102252,MB,2024-05-27,2025-04-07,102252MB
102252,NB,2025-03-24,2025-05-26,102252NB
102252,NL,2024-11-25,2024-11-25,102252NL
102252,NU,2024-09-23,2024-09-23,102252NU
102252,ON,2024-07-15,2025-02-03,102252ON
102252,PE,2024-10-21,2025-04-07,102252PE
102252,SK,2024-05-13,2025-03-31,102252SK
102252,YT,2024-10-14,2024-10-14,102252YT
102253,AB,2024-05-06,2025-06-16,102253AB
102253,MB,2024-05-27,2025-06-16,102253MB
102253,NS,2025-04-07,2025-06-16,102253NS
102253,NT,2025-03-31,2025-05-26,102253NT
102253,NU,2024-06-17,2025-06-09,102253NU
102253,ON,2024-07-01,2025-06-16,102253ON
102253,PE,2024-07-29,2025-05-19,102253PE
102253,SK,2024-05-13,2025-06-16,102253SK
102253,YT,2024-10-14,2025-06-02,102253YT
102260,AB,2024-10-14,2024-10-14,102260AB
102260,MB,2024-11-18,2025-02-10,102260MB
102260,ON,2024-09-02,2025-03-24,102260ON
102260,SK,2024-10-21,2025-01-13,102260SK
102261,AB,2024-10-28,2024-12-23,102261AB
102261,MB,2025-02-10,2025-06-16,102261MB
102261,NT,2025-05-19,2025-05-19,102261NT
102261,ON,2024-11-18,2025-06-16,102261ON
102262,AB,2024-02-26,2024-02-26,102262AB
102262,MB,2024-03-11,2025-01-13,102262MB
102262,NU,2024-03-25,2024-05-06,102262NU
102262,ON,2024-11-18,2025-04-21,102262ON
102262,PE,2024-07-29,2024-12-16,102262PE
102262,SK,2024-06-03,2025-01-27,102262SK
102263,AB,2024-02-26,2024-02-26,102263AB
102263,MB,2024-03-11,2024-12-23,102263MB
102263,NU,2024-03-25,2024-05-06,102263NU
102263,ON,2025-04-21,2025-04-21,102263ON
102263,PE,2024-07-29,2024-07-29,102263PE
102263,SK,2024-05-20,2024-10-14,102263SK
102270,QC,2024-04-08,2025-06-16,102270QC
102276,AB,2024-09-09,2024-11-04,102276AB
102276,MB,2025-01-27,2025-06-09,102276MB
102276,NT,2025-05-19,2025-05-19,102276NT
102276,NU,2025-05-05,2025-05-05,102276NU
102276,SK,2025-03-10,2025-03-10,102276SK
102279,QC,2024-04-22,2024-09-23,102279QC
102280,NB,2024-12-30,2024-12-30,102280NB
102280,QC,2024-05-06,2025-02-10,102280QC
102282,QC,2024-05-06,2025-03-31,102282QC
102286,QC,2024-04-22,2025-06-16,102286QC
102287,QC,2024-04-22,2025-02-10,102287QC
102302,MB,2024-08-26,2025-05-26,102302MB
102302,NU,2024-09-23,2025-05-05,102302NU
102302,ON,2024-10-21,2025-05-26,102302ON
102302,SK,2024-08-26,2025-04-14,102302SK
102303,AB,2024-08-05,2024-12-30,102303AB
102303,BC,2024-08-12,2024-12-30,102303BC
102303,MB,2024-08-26,2025-05-12,102303MB
102303,NU,2024-11-11,2025-05-05,102303NU
102303,SK,2024-08-26,2025-06-02,102303SK
102309,MB,2024-10-28,2025-06-09,102309MB
102309,ON,2024-07-22,2025-03-17,102309ON
102309,SK,2024-11-04,2024-11-04,102309SK
102310,AB,2024-07-15,2024-12-02,102310AB
102310,MB,2024-11-18,2025-05-26,102310MB
102310,NU,2025-05-05,2025-05-05,102310NU
102310,ON,2025-02-24,2025-06-02,102310ON
102310,SK,2024-08-26,2025-01-27,102310SK
102311,AB,2024-07-15,2025-02-17,102311AB
102311,MB,2024-08-26,2025-06-09,102311MB
102311,NU,2024-09-23,2024-11-25,102311NU
102311,ON,2024-07-15,2025-04-28,102311ON
102311,SK,2024-08-26,2025-01-06,102311SK
102313,AB,2024-07-15,2024-09-09,102313AB
102313,MB,2024-10-28,2025-06-09,102313MB
102313,NU,2024-10-28,2025-05-05,102313NU
102313,ON,2024-07-15,2025-04-07,102313ON
102313,SK,2024-09-30,2025-04-07,102313SK
102315,AB,2024-06-17,2024-06-17,102315AB
102315,MB,2024-11-11,2025-05-19,102315MB
102315,NU,2024-11-11,2024-11-25,102315NU
102315,ON,2024-08-26,2025-01-20,102315ON
102315,SK,2025-01-13,2025-01-13,102315SK
102316,MB,2024-11-11,2025-02-03,102316MB
102316,NL,2024-12-02,2025-02-17,102316NL
102316,NU,2024-11-11,2024-12-16,102316NU
102316,ON,2024-07-01,2024-10-28,102316ON
102316,SK,2024-12-09,2025-02-03,102316SK
102319,QC,2024-04-22,2024-12-02,102319QC
102320,AB,2024-07-15,2024-08-12,102320AB
102320,MB,2025-02-03,2025-06-09,102320MB
102320,NU,2025-02-10,2025-05-05,102320NU
102320,ON,2024-07-22,2025-03-31,102320ON
102320,SK,2025-02-03,2025-05-05,102320SK
102321,QC,2024-04-22,2025-02-10,102321QC
102327,AB,2024-09-16,2024-09-16,102327AB
102327,MB,2024-12-02,2025-06-09,102327MB
102327,NU,2025-05-05,2025-05-05,102327NU
102327,ON,2024-10-28,2025-03-03,102327ON
102327,SK,2024-11-18,2025-01-06,102327SK
102329,AB,2024-12-23,2025-06-16,102329AB
102329,BC,2024-11-18,2025-06-16,102329BC
102329,MB,2024-11-11,2025-06-16,102329MB
102329,NL,2024-11-25,2025-06-16,102329NL
102329,NS,2025-05-05,2025-06-16,102329NS
102329,NT,2025-05-19,2025-05-19,102329NT
102329,NU,2024-12-16,2025-06-09,102329NU
102329,ON,2024-11-11,2025-06-09,102329ON
102329,PE,2024-12-02,2025-04-21,102329PE
102329,SK,2024-11-04,2025-06-16,102329SK
102329,YT,2024-12-16,2025-04-28,102329YT
102330,AB,2024-12-23,2025-06-16,102330AB
102330,MB,2024-11-11,2025-06-16,102330MB
102330,NL,2024-11-25,2025-03-31,102330NL
102330,NS,2025-05-05,2025-06-02,102330NS
102330,NU,2024-12-16,2025-06-09,102330NU
102330,ON,2024-11-11,2025-06-09,102330ON
102330,SK,2024-11-04,2025-06-16,102330SK
102330,YT,2024-12-16,2025-04-28,102330YT
102331,AB,2024-12-23,2025-06-16,102331AB
102331,BC,2024-11-18,2025-06-16,102331BC
102331,MB,2024-11-18,2025-06-16,102331MB
102331,NB,2025-02-24,2025-06-02,102331NB
102331,NL,2024-11-25,2025-04-07,102331NL
102331,NU,2024-12-16,2025-06-09,102331NU
102331,ON,2024-11-11,2025-06-09,102331ON
102331,PE,2024-12-02,2025-04-07,102331PE
102331,SK,2024-11-04,2025-06-16,102331SK
102331,YT,2024-12-16,2025-06-02,102331YT
102358,AB,2025-05-12,2025-06-09,102358AB
102358,MB,2025-01-27,2025-05-26,102358MB
102358,ON,2024-11-18,2025-06-16,102358ON
102358,PE,2025-01-27,2025-04-21,102358PE
102358,SK,2025-01-27,2025-02-10,102358SK
102381,AB,2024-07-08,2025-06-16,102381AB
102381,MB,2024-07-15,2025-06-16,102381MB
102381,NL,2024-07-15,2025-06-16,102381NL
102381,NS,2025-04-07,2025-05-19,102381NS
102381,NT,2025-05-19,2025-05-19,102381NT
102381,NU,2024-07-29,2025-05-05,102381NU
102381,ON,2024-08-05,2025-06-09,102381ON
102381,PE,2024-11-04,2025-06-02,102381PE
102381,SK,2024-07-08,2025-06-09,102381SK
102382,AB,2024-07-08,2025-06-16,102382AB
102382,MB,2024-07-15,2025-06-16,102382MB
102382,NL,2024-07-15,2025-06-16,102382NL
102382,NS,2025-04-07,2025-06-16,102382NS
102382,NT,2025-05-26,2025-05-26,102382NT
102382,NU,2024-07-29,2025-05-05,102382NU
102382,ON,2025-01-20,2025-06-16,102382ON
102382,PE,2024-11-04,2025-04-07,102382PE
102382,SK,2024-07-08,2025-06-09,102382SK
102383,AB,2024-10-21,2025-06-16,102383AB
102383,MB,2024-07-15,2025-06-16,102383MB
102383,NT,2025-05-19,2025-05-26,102383NT
102383,NU,2024-07-29,2025-05-05,102383NU
102383,ON,2024-11-18,2025-06-16,102383ON
102383,PE,2024-11-04,2025-05-05,102383PE
102383,SK,2024-07-08,2025-06-16,102383SK
102384,AB,2024-09-23,2025-02-10,102384AB
102384,BC,2024-09-16,2024-10-28,102384BC
102384,MB,2024-12-02,2025-06-09,102384MB
102384,SK,2024-11-25,2025-05-05,102384SK
102390,AB,2024-10-07,2025-06-16,102390AB
102390,BC,2024-10-07,2025-06-16,102390BC
102390,MB,2024-11-11,2025-06-16,102390MB
102390,NT,2025-05-19,2025-05-26,102390NT
102390,SK,2024-11-04,2025-01-06,102390SK
102390,YT,2024-11-11,2025-02-10,102390YT
102391,MB,2024-12-02,2024-12-02,102391MB
102391,NS,2024-08-12,2024-09-09,102391NS
102391,NU,2025-02-10,2025-05-05,102391NU
102391,ON,2024-11-11,2024-12-02,102391ON
102391,SK,2024-11-18,2025-05-26,102391SK
102392,ON,2024-10-21,2024-11-04,102392ON
102392,PE,2024-10-21,2024-10-21,102392PE
102393,AB,2024-10-07,2024-10-28,102393AB
102393,MB,2025-01-20,2025-05-05,102393MB
102393,ON,2024-10-21,2025-04-14,102393ON
102393,PE,2024-11-18,2024-12-16,102393PE
102393,SK,2025-01-20,2025-01-20,102393SK
102393,YT,2024-11-11,2025-02-10,102393YT
102395,BC,2024-05-27,2024-10-07,102395BC
102397,BC,2024-05-27,2024-10-07,102397BC
102404,AB,2024-10-07,2025-05-26,102404AB
102404,MB,2024-11-11,2025-06-16,102404MB
102404,PE,2024-11-04,2025-05-19,102404PE
102404,SK,2024-11-04,2025-03-17,102404SK
102404,YT,2024-11-11,2025-04-28,102404YT
102405,AB,2024-10-07,2025-06-09,102405AB
102405,BC,2024-10-07,2025-05-12,102405BC
102405,MB,2024-11-11,2025-06-16,102405MB
102405,NL,2024-11-25,2025-05-26,102405NL
102405,NT,2025-05-19,2025-05-26,102405NT
102405,ON,2025-06-16,2025-06-16,102405ON
102405,SK,2024-11-04,2025-03-10,102405SK
102405,YT,2024-11-11,2025-04-28,102405YT
102408,AB,2024-11-11,2024-11-11,102408AB
102408,MB,2024-11-25,2025-06-16,102408MB
102408,NT,2025-03-31,2025-05-26,102408NT
102408,NU,2025-02-10,2025-06-09,102408NU
102408,ON,2024-11-18,2025-06-16,102408ON
102408,PE,2024-12-02,2025-06-02,102408PE
102408,SK,2025-02-03,2025-05-26,102408SK
102409,AB,2024-11-11,2025-06-02,102409AB
102409,MB,2024-11-25,2025-06-02,102409MB
102409,NS,2025-04-07,2025-06-16,102409NS
102409,NT,2025-03-31,2025-05-26,102409NT
102409,NU,2025-06-09,2025-06-09,102409NU
102409,ON,2024-11-11,2025-05-26,102409ON
102409,SK,2025-03-17,2025-05-26,102409SK
102420,AB,2024-08-05,2025-06-09,102420AB
102420,BC,2024-07-29,2024-09-23,102420BC
102420,MB,2024-09-02,2025-06-16,102420MB
102420,NL,2024-07-15,2025-02-03,102420NL
102420,NS,2024-08-12,2024-08-12,102420NS
102420,NT,2025-05-19,2025-05-19,102420NT
102420,NU,2024-10-28,2025-05-05,102420NU
102420,ON,2024-10-14,2024-12-30,102420ON
102420,PE,2024-09-09,2024-12-16,102420PE
102420,SK,2024-08-05,2025-06-16,102420SK
102421,MB,2025-02-17,2025-06-09,102421MB
102421,NU,2025-02-10,2025-02-10,102421NU
102421,ON,2024-10-28,2025-06-02,102421ON
102421,SK,2025-01-20,2025-03-10,102421SK
102422,BC,2024-09-30,2024-09-30,102422BC
102422,MB,2024-11-25,2025-03-03,102422MB
102422,NL,2024-11-25,2024-11-25,102422NL
102422,NS,2024-10-07,2024-10-07,102422NS
102422,NU,2024-12-16,2025-02-10,102422NU
102422,ON,2024-11-11,2025-02-17,102422ON
102422,PE,2024-10-21,2024-10-21,102422PE
102422,SK,2024-11-11,2025-02-03,102422SK
102423,BC,2024-07-29,2024-12-09,102423BC
102423,MB,2024-09-02,2025-06-09,102423MB
102423,NS,2024-08-12,2025-06-16,102423NS
102423,NU,2024-09-23,2025-02-10,102423NU
102423,ON,2024-10-14,2025-06-16,102423ON
102423,PE,2024-09-09,2025-01-13,102423PE
102423,SK,2024-08-05,2025-03-24,102423SK
102424,MB,2024-12-30,2025-06-16,102424MB
102424,NU,2025-06-09,2025-06-09,102424NU
102424,ON,2024-11-11,2025-03-17,102424ON
102424,PE,2024-12-02,2025-05-05,102424PE
102424,SK,2025-01-06,2025-04-14,102424SK
102428,MB,2025-02-03,2025-06-16,102428MB
102428,NL,2024-12-02,2025-01-27,102428NL
102428,NU,2025-05-05,2025-05-05,102428NU
102428,ON,2024-11-25,2025-06-09,102428ON
102428,SK,2025-01-20,2025-03-10,102428SK
102430,MB,2025-02-03,2025-06-16,102430MB
102430,NL,2024-12-02,2025-01-27,102430NL
102430,NU,2025-05-05,2025-05-05,102430NU
102430,ON,2024-11-25,2025-06-09,102430ON
102430,SK,2025-01-20,2025-03-10,102430SK
102436,AB,2024-12-23,2025-05-26,102436AB
102436,BC,2024-11-18,2025-05-26,102436BC
102436,MB,2025-02-10,2025-06-16,102436MB
102436,NL,2024-11-25,2025-04-14,102436NL
102436,NU,2024-12-16,2025-05-05,102436NU
102436,ON,2024-11-18,2025-06-16,102436ON
102436,PE,2024-12-16,2025-05-05,102436PE
102436,SK,2024-12-09,2025-06-09,102436SK
102436,YT,2024-12-16,2025-06-02,102436YT
102437,AB,2024-12-23,2025-06-16,102437AB
102437,BC,2025-03-24,2025-05-12,102437BC
102437,MB,2024-11-11,2025-06-16,102437MB
102437,NB,2025-02-24,2025-06-02,102437NB
102437,NL,2024-11-25,2025-06-16,102437NL
102437,NS,2025-05-05,2025-06-16,102437NS
102437,NT,2025-04-28,2025-05-19,102437NT
102437,NU,2024-12-16,2025-06-09,102437NU
102437,ON,2024-11-11,2025-06-09,102437ON
102437,SK,2024-11-04,2025-06-16,102437SK
102437,YT,2024-12-16,2025-06-02,102437YT
102438,AB,2024-10-21,2025-06-16,102438AB
102438,MB,2024-11-11,2025-06-16,102438MB
102438,NL,2024-12-30,2025-06-16,102438NL
102438,NS,2025-05-05,2025-06-16,102438NS
102438,NT,2025-04-28,2025-05-19,102438NT
102438,NU,2024-12-16,2025-06-09,102438NU
102438,ON,2024-11-18,2025-06-09,102438ON
102438,SK,2024-11-04,2025-06-16,102438SK
102438,YT,2024-12-16,2025-06-02,102438YT
102439,MB,2024-12-02,2024-12-02,102439MB
102439,NS,2024-08-12,2024-09-09,102439NS
102439,NU,2025-02-10,2025-05-05,102439NU
102439,ON,2025-01-20,2025-06-16,102439ON
102439,SK,2024-11-18,2025-05-26,102439SK
102444,QC,2024-10-21,2025-02-10,102444QC
102447,QC,2024-10-07,2025-06-16,102447QC
102448,QC,2025-04-14,2025-06-16,102448QC
102456,QC,2024-10-21,2025-02-03,102456QC
102474,AB,2024-12-23,2025-01-27,102474AB
102474,MB,2025-01-20,2025-06-16,102474MB
102474,NT,2025-05-19,2025-05-26,102474NT
102474,NU,2025-05-05,2025-05-05,102474NU
102474,ON,2025-02-24,2025-06-16,102474ON
102474,SK,2025-01-20,2025-06-09,102474SK
102475,BC,2024-11-04,2024-11-04,102475BC
102475,MB,2025-01-27,2025-02-17,102475MB
102475,NS,2024-11-04,2024-11-04,102475NS
102475,NU,2024-12-16,2025-02-10,102475NU
102475,PE,2024-11-18,2025-01-27,102475PE
102475,SK,2025-01-06,2025-02-17,102475SK
102477,MB,2025-01-27,2025-05-05,102477MB
102477,NU,2025-05-05,2025-05-05,102477NU
102477,ON,2025-01-20,2025-04-07,102477ON
102477,SK,2025-02-03,2025-05-12,102477SK
102478,AB,2024-12-02,2024-12-30,102478AB
102478,MB,2025-02-17,2025-04-14,102478MB
102478,NU,2025-02-10,2025-06-09,102478NU
102478,ON,2025-01-27,2025-05-12,102478ON
102478,SK,2025-02-03,2025-06-09,102478SK
102479,AB,2024-12-02,2024-12-02,102479AB
102479,MB,2025-01-27,2025-06-09,102479MB
102479,NU,2025-02-10,2025-06-09,102479NU
102479,ON,2025-01-20,2025-04-21,102479ON
102479,SK,2025-01-20,2025-05-12,102479SK
102480,AB,2024-12-02,2024-12-30,102480AB
102480,ON,2025-02-24,2025-05-12,102480ON
102486,AB,2025-03-03,2025-05-19,102486AB
102486,NT,2025-04-28,2025-05-19,102486NT
102491,AB,2024-11-18,2024-11-18,102491AB
102491,MB,2025-02-24,2025-06-02,102491MB
102491,NT,2025-04-28,2025-04-28,102491NT
102491,NU,2025-06-09,2025-06-09,102491NU
102491,ON,2025-02-24,2025-03-31,102491ON
102491,SK,2025-02-10,2025-03-24,102491SK
102492,AB,2024-11-18,2024-11-18,102492AB
102492,MB,2025-02-24,2025-06-02,102492MB
102492,NT,2025-04-28,2025-04-28,102492NT
102492,NU,2025-06-09,2025-06-09,102492NU
102492,ON,2025-02-24,2025-04-07,102492ON
102492,SK,2025-02-10,2025-03-10,102492SK
102495,MB,2025-02-03,2025-06-09,102495MB
102495,ON,2025-02-24,2025-06-16,102495ON
102496,AB,2024-12-02,2025-06-16,102496AB
102496,MB,2025-01-20,2025-06-09,102496MB
102496,NT,2025-05-19,2025-05-19,102496NT
102496,NU,2025-02-10,2025-05-05,102496NU
102496,SK,2025-01-20,2025-06-16,102496SK
102502,AB,2025-01-20,2025-03-03,102502AB
102502,MB,2025-02-03,2025-04-14,102502MB
102502,NT,2025-04-28,2025-04-28,102502NT
102502,NU,2025-02-10,2025-05-05,102502NU
102502,ON,2025-01-13,2025-06-16,102502ON
102502,PE,2025-01-27,2025-04-21,102502PE
102502,SK,2025-04-14,2025-04-14,102502SK
102503,AB,2024-11-11,2024-11-11,102503AB
102513,AB,2025-03-10,2025-03-10,102513AB
102513,ON,2025-01-27,2025-06-16,102513ON
102514,AB,2025-03-10,2025-05-26,102514AB
102514,ON,2025-01-27,2025-06-16,102514ON
102523,AB,2025-04-28,2025-04-28,102523AB
102523,ON,2025-04-14,2025-06-16,102523ON
102524,ON,2025-06-16,2025-06-16,102524ON
102531,NL,2025-04-28,2025-06-16,102531NL
102531,ON,2025-04-14,2025-06-16,102531ON
102532,NL,2025-06-02,2025-06-16,102532NL
102533,AB,2025-04-28,2025-06-16,102533AB
102533,NL,2025-04-28,2025-06-16,102533NL
102533,ON,2025-04-14,2025-05-12,102533ON
102534,NL,2025-04-21,2025-04-21,102534NL
102534,ON,2025-05-12,2025-06-16,102534ON
102535,NL,2025-05-19,2025-06-16,102535NL
102535,PE,2025-05-19,2025-06-02,102535PE
102536,AB,2025-05-12,2025-06-16,102536AB
102536,BC,2025-04-21,2025-05-26,102536BC
102536,NL,2025-05-12,2025-05-12,102536NL
102536,ON,2025-05-05,2025-06-09,102536ON
102536,SK,2025-06-02,2025-06-02,102536SK
102551,AB,2025-06-16,2025-06-16,102551AB
102551,MB,2025-04-28,2025-06-02,102551MB
102551,NU,2025-05-05,2025-05-05,102551NU
102551,ON,2025-04-14,2025-06-16,102551ON
102551,SK,2025-05-05,2025-05-05,102551SK
102555,BC,2025-03-24,2025-05-19,102555BC
102555,MB,2025-04-28,2025-06-09,102555MB
102555,ON,2025-04-07,2025-06-16,102555ON
102556,PE,2025-06-16,2025-06-16,102556PE
102562,AB,2025-05-05,2025-06-09,102562AB
102562,BC,2025-04-21,2025-06-02,102562BC
102562,NL,2025-04-28,2025-06-16,102562NL
102562,NU,2025-05-05,2025-05-05,102562NU
102562,ON,2025-04-14,2025-06-16,102562ON
102562,SK,2025-05-05,2025-06-02,102562SK
102563,AB,2025-05-05,2025-06-09,102563AB
102563,NS,2025-05-19,2025-06-16,102563NS
102563,ON,2025-05-12,2025-06-16,102563ON
102563,PE,2025-05-05,2025-05-05,102563PE
102563,SK,2025-06-02,2025-06-02,102563SK
102594,AB,2025-05-26,2025-05-26,102594AB
102594,MB,2025-05-26,2025-06-09,102594MB
102594,ON,2025-06-16,2025-06-16,102594ON
102594,SK,2025-06-09,2025-06-09,102594SK
102595,AB,2025-05-26,2025-05-26,102595AB
102595,MB,2025-04-28,2025-05-26,102595MB
102595,NL,2025-05-19,2025-06-16,102595NL
102595,NS,2025-04-21,2025-06-16,102595NS
102595,NU,2025-05-05,2025-06-09,102595NU
102595,ON,2025-06-16,2025-06-16,102595ON
102595,SK,2025-05-05,2025-06-09,102595SK
102600,AB,2025-05-26,2025-06-09,102600AB
102600,BC,2025-04-28,2025-06-16,102600BC
102600,MB,2025-06-16,2025-06-16,102600MB
102600,ON,2025-04-14,2025-06-16,102600ON
102600,SK,2025-04-07,2025-04-14,102600SK
102602,AB,2025-05-26,2025-06-09,102602AB
102602,BC,2025-04-28,2025-06-16,102602BC
102602,MB,2025-05-12,2025-05-26,102602MB
102602,NL,2025-05-19,2025-06-16,102602NL
102602,ON,2025-04-14,2025-06-16,102602ON
102602,SK,2025-04-14,2025-06-02,102602SK
102604,AB,2025-06-02,2025-06-02,102604AB
102604,SK,2025-06-02,2025-06-02,102604SK
102616,QC,2025-04-28,2025-06-16,102616QC
102617,MB,2025-04-28,2025-06-16,102617MB
102617,NL,2025-04-21,2025-04-21,102617NL
102617,NS,2025-03-24,2025-06-02,102617NS
102617,NU,2025-05-05,2025-05-05,102617NU
102617,SK,2025-05-05,2025-06-09,102617SK
102618,MB,2025-04-28,2025-06-09,102618MB
102618,ON,2025-04-14,2025-04-28,102618ON
102618,SK,2025-05-05,2025-05-05,102618SK
102619,MB,2025-04-28,2025-06-09,102619MB
102619,ON,2025-04-14,2025-05-12,102619ON
102619,SK,2025-05-05,2025-05-05,102619SK
102620,AB,2025-05-12,2025-06-09,102620AB
102620,BC,2025-05-05,2025-05-05,102620BC
102620,NL,2025-05-19,2025-05-19,102620NL
102620,PE,2025-05-05,2025-05-19,102620PE
102620,SK,2025-06-02,2025-06-02,102620SK
102625,AB,2025-05-05,2025-06-16,102625AB
102625,MB,2025-04-28,2025-06-16,102625MB
102625,NU,2025-06-09,2025-06-09,102625NU
102625,ON,2025-04-14,2025-06-09,102625ON
102625,SK,2025-05-05,2025-06-09,102625SK
102626,AB,2025-05-05,2025-06-09,102626AB
102626,MB,2025-04-28,2025-06-16,102626MB
102626,NU,2025-06-09,2025-06-09,102626NU
102626,ON,2025-04-14,2025-06-16,102626ON
102626,SK,2025-05-05,2025-06-16,102626SK
102627,AB,2025-05-05,2025-06-09,102627AB
102627,BC,2025-05-19,2025-05-19,102627BC
102627,MB,2025-04-28,2025-06-16,102627MB
102627,ON,2025-04-07,2025-06-16,102627ON
102627,SK,2025-05-05,2025-05-05,102627SK
102628,AB,2025-05-05,2025-06-09,102628AB
102628,MB,2025-04-28,2025-06-16,102628MB
102628,ON,2025-04-07,2025-06-16,102628ON
102628,SK,2025-05-05,2025-05-05,102628SK
102629,AB,2025-05-05,2025-06-09,102629AB
102629,NL,2025-04-21,2025-06-02,102629NL
102629,ON,2025-05-12,2025-06-16,102629ON
102629,SK,2025-05-05,2025-06-02,102629SK
102630,AB,2025-05-05,2025-06-09,102630AB
102630,BC,2025-06-02,2025-06-02,102630BC
102630,ON,2025-05-12,2025-06-16,102630ON
102630,SK,2025-05-05,2025-06-02,102630SK
102631,AB,2025-05-12,2025-06-09,102631AB
102631,BC,2025-06-02,2025-06-02,102631BC
102631,NL,2025-06-02,2025-06-02,102631NL
102631,SK,2025-06-02,2025-06-02,102631SK
102635,QC,2025-04-14,2025-06-16,102635QC
102643,ON,2025-04-14,2025-06-16,102643ON
102644,AB,2025-05-26,2025-05-26,102644AB
102644,PE,2025-06-16,2025-06-16,102644PE
102652,QC,2025-04-28,2025-06-16,102652QC
102667,AB,2025-05-05,2025-05-05,102667AB
102667,BC,2025-06-09,2025-06-09,102667BC
102667,PE,2025-04-21,2025-04-21,102667PE
102668,AB,2025-05-26,2025-06-09,102668AB
102668,BC,2025-05-26,2025-06-16,102668BC
102668,ON,2025-04-14,2025-06-16,102668ON
102668,PE,2025-04-28,2025-06-16,102668PE
102682,AB,2025-05-05,2025-06-02,102682AB
102682,BC,2025-05-26,2025-05-26,102682BC
102682,NL,2025-04-21,2025-04-21,102682NL
102682,ON,2025-04-14,2025-06-16,102682ON
102682,PE,2025-04-21,2025-05-05,102682PE
102683,AB,2025-05-19,2025-06-16,102683AB
102683,ON,2025-04-14,2025-06-09,102683ON
102683,PE,2025-04-28,2025-06-16,102683PE
102766,BC,2025-03-17,2025-06-02,102766BC
102767,BC,2025-03-24,2025-06-16,102767BC
PG03637,QC,2023-10-16,2025-06-16,PG03637QC
PG03698,QC,2024-04-29,2024-08-26,PG03698QC
PG03742,QC,2024-10-07,2025-06-16,PG03742QC
PG03743,QC,2024-10-21,2025-05-12,PG03743QC
PG03776,QC,2025-04-28,2025-04-28,PG03776QC
PG03778,QC,2025-04-14,2025-06-02,PG03778QC
